"";"parcelle";"date";"NDVI_moy";"NDVI_et"
"2";"Aubiet11";2022-04-05;"1616";"969"
"3";"Aubiet11";2022-04-10;"1765";"900"
"4";"Aubiet11";2022-04-25;"2428";"1003"
"5";"Aubiet11";2022-04-30;"1998";"551"
"6";"Aubiet11";2022-05-10;"1692";"1001"
"7";"Aubiet11";2022-05-30;"2802";"878"
"8";"Aubiet11";2022-06-14;"4597";"883"
"9";"Aubiet11";2022-06-19;"4809";"845"
"10";"Aubiet11";2022-07-14;"6637";"1322"
"11";"Aubiet11";2022-07-24;"5372";"1323"
"12";"Aubiet11";2022-08-03;"4248";"1161"
"13";"Aubiet11";2022-08-08;"3294";"875"
"14";"Aubiet11";2022-08-13;"2631";"553"
"15";"Aubiet11";2022-08-18;"3047";"681"
"16";"Aubiet11";2022-08-23;"2481";"797"
"17";"Aubiet11";2022-08-28;"2271";"790"
"18";"Aubiet22";2022-04-05;"1882";"1023"
"19";"Aubiet22";2022-04-10;"1962";"947"
"20";"Aubiet22";2022-04-25;"2268";"1186"
"21";"Aubiet22";2022-04-30;"1674";"877"
"22";"Aubiet22";2022-05-10;"1746";"1180"
"23";"Aubiet22";2022-05-30;"2535";"1400"
"24";"Aubiet22";2022-06-14;"4060";"1555"
"25";"Aubiet22";2022-06-19;"4145";"1530"
"26";"Aubiet22";2022-07-14;"6628";"1125"
"27";"Aubiet22";2022-07-24;"5663";"1203"
"28";"Aubiet22";2022-08-03;"5399";"1308"
"29";"Aubiet22";2022-08-08;"4749";"1550"
"30";"Aubiet22";2022-08-13;"3732";"1299"
"31";"Aubiet22";2022-08-18;"4703";"1954"
"32";"Aubiet22";2022-08-23;"4136";"1755"
"33";"Aubiet22";2022-08-28;"3631";"1568"
"34";"COULONGES2";2022-04-23;"2964";"403"
"35";"COULONGES2";2022-04-28;"3720";"1033"
"36";"COULONGES2";2022-05-03;"3191";"1286"
"37";"COULONGES2";2022-05-28;"4950";"890"
"38";"COULONGES2";2022-06-02;"6204";"1000"
"39";"COULONGES2";2022-06-17;"7809";"783"
"40";"COULONGES2";2022-06-27;"8298";"540"
"41";"COULONGES2";2022-07-02;"8661";"434"
"42";"COULONGES2";2022-07-07;"8377";"412"
"43";"COULONGES2";2022-07-12;"7902";"521"
"44";"COULONGES2";2022-07-17;"5702";"355"
"45";"COULONGES2";2022-08-01;"5239";"538"
"46";"COULONGES2";2022-08-06;"4698";"671"
"47";"COULONGES2";2022-08-11;"4264";"762"
"48";"FDGEDA1";2022-04-10;"2108";"487"
"49";"FDGEDA1";2022-04-30;"2411";"577"
"50";"FDGEDA1";2022-05-10;"3005";"672"
"51";"FDGEDA1";2022-05-30;"2100";"586"
"52";"FDGEDA1";2022-06-14;"3497";"836"
"53";"FDGEDA1";2022-06-19;"3735";"977"
"54";"FDGEDA1";2022-07-14;"6437";"1861"
"55";"FDGEDA1";2022-07-24;"5747";"1878"
"56";"FDGEDA1";2022-08-03;"4541";"1335"
"57";"FDGEDA1";2022-08-08;"3577";"834"
"58";"FDGEDA1";2022-08-13;"2816";"592"
"59";"FDGEDA1";2022-08-18;"2896";"574"
"60";"FDGEDA1";2022-08-23;"2341";"461"
"61";"FDGEDA1";2022-08-28;"2377";"524"
"62";"FDGEDA2";2022-04-10;"2226";"579"
"63";"FDGEDA2";2022-05-10;"2705";"756"
"64";"FDGEDA2";2022-05-30;"2304";"882"
"65";"FDGEDA2";2022-06-14;"3866";"950"
"66";"FDGEDA2";2022-06-19;"4399";"1120"
"67";"FDGEDA2";2022-07-14;"7028";"1707"
"68";"FDGEDA2";2022-07-24;"6627";"1527"
"69";"FDGEDA2";2022-08-03;"5408";"1180"
"70";"FDGEDA2";2022-08-08;"4258";"852"
"71";"FDGEDA2";2022-08-13;"3219";"617"
"72";"FDGEDA2";2022-08-18;"2877";"800"
"73";"FDGEDA2";2022-08-23;"2406";"625"
"74";"FDGEDA2";2022-08-28;"2775";"719"
"75";"FDGEDA6";2022-04-10;"2593";"1187"
"76";"FDGEDA6";2022-05-10;"3194";"1016"
"77";"FDGEDA6";2022-05-30;"2665";"1298"
"78";"FDGEDA6";2022-06-14;"4891";"1178"
"79";"FDGEDA6";2022-06-19;"4756";"1077"
"80";"FDGEDA6";2022-07-14;"5592";"1145"
"81";"FDGEDA6";2022-07-24;"4750";"910"
"82";"FDGEDA6";2022-08-03;"3615";"755"
"83";"FDGEDA6";2022-08-08;"3062";"778"
"84";"FDGEDA6";2022-08-13;"2704";"816"
"85";"FDGEDA6";2022-08-28;"2820";"989"
"86";"FDGEDA7";2022-04-10;"2171";"533"
"87";"FDGEDA7";2022-05-10;"2819";"739"
"88";"FDGEDA7";2022-05-30;"2082";"911"
"89";"FDGEDA7";2022-06-14;"4049";"980"
"90";"FDGEDA7";2022-06-19;"4380";"864"
"91";"FDGEDA7";2022-07-14;"6529";"705"
"92";"FDGEDA7";2022-07-24;"5959";"634"
"93";"FDGEDA7";2022-08-03;"4755";"547"
"94";"FDGEDA7";2022-08-08;"3990";"558"
"95";"FDGEDA7";2022-08-13;"3373";"609"
"96";"FDGEDA7";2022-08-28;"3133";"707"
"97";"FDGEDA8";2022-04-10;"2108";"452"
"98";"FDGEDA8";2022-05-10;"2879";"523"
"99";"FDGEDA8";2022-05-30;"3048";"624"
"100";"FDGEDA8";2022-06-14;"6533";"1042"
"101";"FDGEDA8";2022-06-19;"6410";"1107"
"102";"FDGEDA8";2022-07-14;"6456";"970"
"103";"FDGEDA8";2022-07-24;"5118";"807"
"104";"FDGEDA8";2022-08-03;"3183";"616"
"105";"FDGEDA8";2022-08-08;"2491";"502"
"106";"FDGEDA8";2022-08-13;"2209";"398"
"107";"FDGEDA8";2022-08-28;"2196";"558"
"108";"Lamagistere3";2022-04-10;"1234";"441"
"109";"Lamagistere3";2022-05-10;"1284";"797"
"110";"Lamagistere3";2022-05-30;"4220";"683"
"111";"Lamagistere3";2022-06-14;"7539";"691"
"112";"Lamagistere3";2022-06-19;"7633";"662"
"113";"Lamagistere3";2022-07-14;"8229";"361"
"114";"Lamagistere3";2022-07-24;"7853";"356"
"115";"Lamagistere3";2022-08-03;"5971";"975"
"116";"Lamagistere3";2022-08-08;"4652";"1140"
"117";"Lamagistere3";2022-08-13;"3586";"894"
"118";"Lamagistere3";2022-08-28;"2539";"916"
"119";"TIagen1";2022-04-10;"2233";"1195"
"120";"TIagen1";2022-05-10;"2022";"758"
"121";"TIagen1";2022-05-28;"3553";"1817"
"122";"TIagen1";2022-05-30;"3420";"1658"
"123";"TIagen1";2022-06-14;"5729";"630"
"124";"TIagen1";2022-06-19;"5712";"833"
"125";"TIagen1";2022-07-12;"7812";"714"
"126";"TIagen1";2022-07-14;"7571";"675"
"127";"TIagen1";2022-07-17;"7303";"583"
"128";"TIagen1";2022-07-24;"6990";"694"
"129";"TIagen1";2022-08-01;"6205";"609"
"130";"TIagen1";2022-08-03;"5530";"698"
"131";"TIagen1";2022-08-06;"4752";"780"
"132";"TIagen1";2022-08-08;"4497";"1020"
"133";"TIagen1";2022-08-11;"3900";"1208"
"134";"TIagen1";2022-08-13;"3510";"956"
"135";"TIagen1";2022-08-28;"3264";"1618"
"136";"TIravard1";2022-05-03;"1668";"681"
"137";"TIravard1";2022-05-28;"4090";"810"
"138";"TIravard1";2022-06-02;"4222";"956"
"139";"TIravard1";2022-06-17;"4077";"729"
"140";"TIravard1";2022-06-27;"5820";"832"
"141";"TIravard1";2022-07-02;"6020";"826"
"142";"TIravard1";2022-07-07;"4752";"723"
"143";"TIravard1";2022-07-12;"3865";"643"
"144";"TIravard1";2022-07-17;"2980";"275"
"145";"TIravard1";2022-08-01;"2159";"258"
"146";"TIravard1";2022-08-06;"1734";"340"
"147";"TIravard1";2022-08-11;"1586";"356"
"148";"TIrosieres1";2022-04-04;"4826";"2905"
"149";"TIrosieres1";2022-04-17;"5359";"3348"
"150";"TIrosieres1";2022-04-22;"5238";"3041"
"151";"TIrosieres1";2022-05-04;"5370";"3487"
"152";"TIrosieres1";2022-05-07;"5519";"3369"
"153";"TIrosieres1";2022-05-09;"5497";"3537"
"154";"TIrosieres1";2022-05-14;"5220";"2683"
"155";"TIrosieres1";2022-05-17;"5542";"3624"
"156";"TIrosieres1";2022-05-24;"6598";"1193"
"157";"TIrosieres1";2022-06-06;"5507";"1953"
"158";"TIrosieres1";2022-06-11;"6993";"1907"
"159";"TIrosieres1";2022-06-13;"6240";"2571"
"160";"TIrosieres1";2022-06-18;"5879";"1119"
"161";"TIrosieres1";2022-06-23;"6101";"599"
"162";"TIrosieres1";2022-06-28;"5299";"1400"
"163";"TIrosieres1";2022-07-03;"4906";"2302"
"164";"TIrosieres1";2022-07-08;"4644";"2515"
"165";"TIrosieres1";2022-07-13;"4233";"2365"
"166";"TIrosieres1";2022-07-16;"3969";"2090"
"167";"TIrosieres1";2022-07-18;"3602";"1716"
"168";"TIrosieres1";2022-07-31;"2780";"1791"
"169";"TIrosieres1";2022-08-02;"2136";"1308"
"170";"TIrosieres1";2022-08-07;"2528";"1298"
"171";"TIrosieres1";2022-08-10;"2348";"1172"
"172";"TIrosieres1";2022-08-12;"2077";"979"
"173";"TIrosieres1";2022-08-17;"2096";"960"
"174";"TIrosieres1";2022-08-20;"2301";"1018"
"175";"TIrosieres1";2022-08-22;"1850";"725"
"176";"TIrosieres1";2022-08-25;"1813";"671"
"177";"TIrosieres1";2022-08-30;"1861";"373"
"178";"TIrosieres3";2022-04-04;"2283";"708"
"179";"TIrosieres3";2022-04-17;"2257";"756"
"180";"TIrosieres3";2022-04-22;"2423";"570"
"181";"TIrosieres3";2022-05-04;"2201";"811"
"182";"TIrosieres3";2022-05-07;"2384";"776"
"183";"TIrosieres3";2022-05-09;"2228";"808"
"184";"TIrosieres3";2022-05-14;"2834";"663"
"185";"TIrosieres3";2022-05-17;"2385";"909"
"186";"TIrosieres3";2022-06-06;"3685";"951"
"187";"TIrosieres3";2022-06-11;"3429";"716"
"188";"TIrosieres3";2022-06-13;"4321";"1091"
"189";"TIrosieres3";2022-06-18;"4996";"844"
"190";"TIrosieres3";2022-06-23;"5851";"1024"
"191";"TIrosieres3";2022-06-28;"6587";"1010"
"192";"TIrosieres3";2022-07-03;"6517";"1083"
"193";"TIrosieres3";2022-07-08;"6085";"1122"
"194";"TIrosieres3";2022-07-13;"5119";"1189"
"195";"TIrosieres3";2022-07-16;"4663";"1112"
"196";"TIrosieres3";2022-07-18;"4224";"963"
"197";"TIrosieres3";2022-07-31;"3766";"924"
"198";"TIrosieres3";2022-08-02;"3329";"875"
"199";"TIrosieres3";2022-08-07;"3376";"727"
"200";"TIrosieres3";2022-08-10;"3048";"630"
"201";"TIrosieres3";2022-08-12;"2825";"572"
"202";"TIrosieres3";2022-08-17;"2615";"572"
"203";"TIrosieres3";2022-08-20;"3182";"644"
"204";"TIrosieres3";2022-08-22;"2645";"556"
"205";"TIrosieres3";2022-08-25;"2570";"518"
"206";"TIrosieres3";2022-08-30;"2403";"353"
"207";"TIrosieres4";2022-04-04;"1989";"913"
"208";"TIrosieres4";2022-04-17;"2080";"847"
"209";"TIrosieres4";2022-04-22;"2368";"961"
"210";"TIrosieres4";2022-05-04;"2070";"1223"
"211";"TIrosieres4";2022-05-07;"2107";"853"
"212";"TIrosieres4";2022-05-09;"1960";"931"
"213";"TIrosieres4";2022-05-14;"2608";"726"
"214";"TIrosieres4";2022-05-17;"1994";"883"
"215";"TIrosieres4";2022-06-06;"3520";"841"
"216";"TIrosieres4";2022-06-11;"3780";"822"
"217";"TIrosieres4";2022-06-13;"4001";"843"
"218";"TIrosieres4";2022-06-18;"4698";"653"
"219";"TIrosieres4";2022-06-23;"5453";"902"
"220";"TIrosieres4";2022-06-28;"5226";"987"
"221";"TIrosieres4";2022-07-03;"5888";"918"
"222";"TIrosieres4";2022-07-08;"5395";"936"
"223";"TIrosieres4";2022-07-13;"4531";"949"
"224";"TIrosieres4";2022-07-16;"4118";"854"
"225";"TIrosieres4";2022-07-18;"3758";"688"
"226";"TIrosieres4";2022-07-31;"3257";"598"
"227";"TIrosieres4";2022-08-02;"2987";"546"
"228";"TIrosieres4";2022-08-07;"2876";"418"
"229";"TIrosieres4";2022-08-10;"2682";"360"
"230";"TIrosieres4";2022-08-12;"2419";"323"
"231";"TIrosieres4";2022-08-17;"1595";"660"
"232";"TIrosieres4";2022-08-20;"2623";"413"
"233";"TIrosieres4";2022-08-22;"2201";"313"
"234";"TIrosieres4";2022-08-25;"2217";"289"
"235";"TIrosieres4";2022-08-30;"2121";"215"
"236";"TIvillers5";2022-04-04;"1665";"625"
"237";"TIvillers5";2022-04-17;"1798";"589"
"238";"TIvillers5";2022-04-22;"2133";"921"
"239";"TIvillers5";2022-05-04;"1937";"1280"
"240";"TIvillers5";2022-05-07;"2121";"556"
"241";"TIvillers5";2022-05-09;"1799";"667"
"242";"TIvillers5";2022-05-14;"2133";"527"
"243";"TIvillers5";2022-05-17;"2148";"543"
"244";"TIvillers5";2022-06-11;"6195";"939"
"245";"TIvillers5";2022-06-13;"6417";"815"
"246";"TIvillers5";2022-06-18;"6544";"813"
"247";"TIvillers5";2022-06-23;"6167";"1272"
"248";"TIvillers5";2022-06-28;"5860";"1257"
"249";"TIvillers5";2022-07-03;"7384";"771"
"250";"TIvillers5";2022-07-08;"6631";"707"
"251";"TIvillers5";2022-07-13;"5912";"622"
"252";"TIvillers5";2022-07-16;"5421";"637"
"253";"TIvillers5";2022-07-18;"4790";"491"
"254";"TIvillers5";2022-07-31;"3903";"419"
"255";"TIvillers5";2022-08-02;"3652";"384"
"256";"TIvillers5";2022-08-07;"3243";"372"
"257";"TIvillers5";2022-08-10;"2893";"342"
"258";"TIvillers5";2022-08-12;"2645";"321"
"259";"TIvillers5";2022-08-17;"2874";"472"
"260";"TIvillers5";2022-08-20;"2800";"522"
"261";"TIvillers5";2022-08-22;"2579";"455"
"262";"TIvillers5";2022-08-25;"2498";"430"
"263";"TIvillers5";2022-08-30;"2377";"223"
"264";"TIvillers6";2022-04-04;"1484";"536"
"265";"TIvillers6";2022-04-17;"1676";"727"
"266";"TIvillers6";2022-04-22;"1812";"441"
"267";"TIvillers6";2022-05-04;"1517";"510"
"268";"TIvillers6";2022-05-07;"1937";"452"
"269";"TIvillers6";2022-05-09;"1681";"557"
"270";"TIvillers6";2022-05-14;"2133";"558"
"271";"TIvillers6";2022-05-17;"2140";"578"
"272";"TIvillers6";2022-06-11;"7150";"539"
"273";"TIvillers6";2022-06-13;"6709";"1197"
"274";"TIvillers6";2022-06-18;"7369";"404"
"275";"TIvillers6";2022-06-23;"6346";"1861"
"276";"TIvillers6";2022-06-28;"7089";"1145"
"277";"TIvillers6";2022-07-03;"8263";"610"
"278";"TIvillers6";2022-07-08;"7658";"662"
"279";"TIvillers6";2022-07-13;"6825";"821"
"280";"TIvillers6";2022-07-16;"6297";"846"
"281";"TIvillers6";2022-07-18;"5737";"726"
"282";"TIvillers6";2022-07-31;"4595";"539"
"283";"TIvillers6";2022-08-02;"4335";"533"
"284";"TIvillers6";2022-08-07;"3579";"421"
"285";"TIvillers6";2022-08-10;"3027";"341"
"286";"TIvillers6";2022-08-12;"2686";"319"
"287";"TIvillers6";2022-08-17;"2821";"411"
"288";"TIvillers6";2022-08-20;"2768";"444"
"289";"TIvillers6";2022-08-22;"2508";"448"
"290";"TIvillers6";2022-08-25;"2458";"414"
"291";"TIvillers6";2022-08-30;"2316";"197"
"292";"TIvillers7";2022-04-04;"1361";"415"
"293";"TIvillers7";2022-04-17;"1590";"546"
"294";"TIvillers7";2022-04-22;"1814";"437"
"295";"TIvillers7";2022-05-04;"1502";"648"
"296";"TIvillers7";2022-05-07;"1662";"460"
"297";"TIvillers7";2022-05-09;"1529";"478"
"298";"TIvillers7";2022-05-14;"2077";"396"
"299";"TIvillers7";2022-05-17;"1890";"435"
"300";"TIvillers7";2022-06-11;"7108";"982"
"301";"TIvillers7";2022-06-18;"7338";"622"
"302";"TIvillers7";2022-06-28;"7533";"729"
"303";"TIvillers7";2022-07-03;"6897";"1694"
"304";"TIvillers7";2022-07-08;"6998";"897"
"305";"TIvillers7";2022-07-13;"6329";"1062"
"306";"TIvillers7";2022-07-16;"5814";"1166"
"307";"TIvillers7";2022-07-18;"5148";"1014"
"308";"TIvillers7";2022-07-31;"3948";"828"
"309";"TIvillers7";2022-08-02;"3729";"768"
"310";"TIvillers7";2022-08-07;"3194";"555"
"311";"TIvillers7";2022-08-10;"2786";"424"
"312";"TIvillers7";2022-08-12;"2496";"372"
"313";"TIvillers7";2022-08-17;"2573";"435"
"314";"TIvillers7";2022-08-20;"2628";"461"
"315";"TIvillers7";2022-08-22;"2218";"431"
"316";"TIvillers7";2022-08-25;"2143";"395"
"317";"TIvillers7";2022-08-30;"2258";"155"
"318";"TIvillers8";2022-04-04;"1425";"662"
"319";"TIvillers8";2022-04-17;"1654";"692"
"320";"TIvillers8";2022-04-22;"2280";"770"
"321";"TIvillers8";2022-05-04;"1721";"1019"
"322";"TIvillers8";2022-05-07;"1774";"749"
"323";"TIvillers8";2022-05-09;"1707";"835"
"324";"TIvillers8";2022-05-14;"2298";"741"
"325";"TIvillers8";2022-05-17;"2312";"863"
"326";"TIvillers8";2022-06-11;"6639";"1424"
"327";"TIvillers8";2022-06-18;"7071";"766"
"328";"TIvillers8";2022-07-03;"7462";"1248"
"329";"TIvillers8";2022-07-08;"6634";"1365"
"330";"TIvillers8";2022-07-13;"5847";"1339"
"331";"TIvillers8";2022-07-16;"5260";"1308"
"332";"TIvillers8";2022-07-18;"4807";"1120"
"333";"TIvillers8";2022-07-31;"3930";"921"
"334";"TIvillers8";2022-08-02;"3553";"822"
"335";"TIvillers8";2022-08-07;"3028";"556"
"336";"TIvillers8";2022-08-10;"2516";"384"
"337";"TIvillers8";2022-08-12;"2224";"306"
"338";"TIvillers8";2022-08-17;"2002";"262"
"339";"TIvillers8";2022-08-20;"2106";"304"
"340";"TIvillers8";2022-08-22;"1807";"273"
"341";"TIvillers8";2022-08-25;"1835";"224"
"342";"TIvillers8";2022-08-30;"2051";"99"
"343";"0222";2022-05-10;"3255";"765"
"344";"0222";2022-06-14;"7444";"427"
"345";"0222";2022-06-19;"6815";"571"
"346";"0222";2022-07-14;"5632";"612"
"347";"0222";2022-07-24;"4573";"847"
"348";"0222";2022-08-03;"2947";"769"
"349";"0222";2022-08-08;"3024";"994"
"350";"0222";2022-08-13;"3051";"1031"
"351";"0522";2022-05-10;"3466";"543"
"352";"0522";2022-05-30;"6143";"663"
"353";"0522";2022-06-14;"7715";"400"
"354";"0522";2022-06-19;"7767";"469"
"355";"0522";2022-07-14;"7507";"435"
"356";"0522";2022-07-24;"7748";"562"
"357";"0522";2022-08-03;"6545";"1426"
"358";"0522";2022-08-08;"5887";"1892"
"359";"0522";2022-08-13;"5374";"1997"
"360";"0622";2022-05-10;"3165";"481"
"361";"0622";2022-05-30;"6147";"490"
"362";"0622";2022-06-14;"7980";"469"
"363";"0622";2022-06-19;"7879";"538"
"364";"0622";2022-07-14;"6704";"522"
"365";"0622";2022-07-24;"7329";"568"
"366";"0622";2022-08-03;"5304";"689"
"367";"0622";2022-08-08;"3789";"469"
"368";"0622";2022-08-13;"2978";"300"
"369";"0622";2022-08-28;"2123";"251"
"370";"1722";2022-05-10;"3606";"793"
"371";"1722";2022-05-30;"7392";"360"
"372";"1722";2022-06-14;"7679";"436"
"373";"1722";2022-06-19;"7855";"566"
"374";"1722";2022-07-14;"4981";"493"
"375";"1722";2022-07-24;"6421";"759"
"376";"1722";2022-08-03;"4475";"559"
"377";"1722";2022-08-08;"3795";"474"
"378";"1722";2022-08-13;"3458";"473"
"379";"2822";2022-05-10;"2808";"635"
"380";"2822";2022-05-30;"7321";"636"
"381";"2822";2022-06-14;"6390";"474"
"382";"2822";2022-06-19;"7689";"520"
"383";"2822";2022-07-14;"4915";"319"
"384";"2822";2022-07-24;"4632";"382"
"385";"2822";2022-08-03;"3579";"306"
"386";"2822";2022-08-08;"3426";"337"
"387";"2822";2022-08-13;"3103";"340"
"388";"2922";2022-04-10;"1633";"409"
"389";"2922";2022-05-10;"2381";"384"
"390";"2922";2022-05-30;"7082";"747"
"391";"2922";2022-06-14;"6419";"450"
"392";"2922";2022-06-19;"7486";"529"
"393";"2922";2022-07-14;"4967";"402"
"394";"2922";2022-07-24;"4808";"824"
"395";"2922";2022-08-03;"3219";"615"
"396";"2922";2022-08-08;"2991";"616"
"397";"2922";2022-08-13;"2685";"578"
"398";"3822";2022-04-10;"1479";"257"
"399";"3822";2022-05-10;"1673";"407"
"400";"3822";2022-05-30;"7711";"554"
"401";"3822";2022-06-14;"7945";"259"
"402";"3822";2022-06-19;"8177";"403"
"403";"3822";2022-07-14;"6858";"330"
"404";"3822";2022-07-24;"7747";"410"
"405";"3822";2022-08-03;"4773";"719"
"406";"3822";2022-08-08;"3448";"727"
"407";"3822";2022-08-13;"3650";"953"
"408";"4222";2022-04-10;"2231";"873"
"409";"4222";2022-05-10;"3310";"676"
"410";"4222";2022-05-30;"5527";"659"
"411";"4222";2022-06-14;"7316";"505"
"412";"4222";2022-06-19;"7164";"630"
"413";"4222";2022-07-14;"6658";"706"
"414";"4222";2022-07-24;"7114";"774"
"415";"4222";2022-08-03;"5303";"604"
"416";"4222";2022-08-08;"3939";"597"
"417";"4222";2022-08-13;"3058";"582"
"418";"4222";2022-08-28;"2344";"422"
"419";"4422";2022-04-10;"2235";"709"
"420";"4422";2022-05-10;"4586";"420"
"421";"4422";2022-05-30;"7896";"235"
"422";"4422";2022-06-14;"7891";"367"
"423";"4422";2022-06-19;"7848";"565"
"424";"4422";2022-07-14;"5548";"529"
"425";"4422";2022-07-24;"7146";"721"
"426";"4422";2022-08-03;"5333";"634"
"427";"4422";2022-08-08;"4716";"704"
"428";"4422";2022-08-13;"4389";"825"
"429";"4522";2022-04-10;"8680";"611"
"430";"4522";2022-05-10;"5639";"306"
"431";"4522";2022-05-30;"8423";"475"
"432";"4522";2022-06-14;"7026";"572"
"433";"4522";2022-06-19;"5228";"626"
"434";"4522";2022-07-14;"2112";"372"
"435";"4522";2022-07-24;"1837";"523"
"436";"4522";2022-08-03;"1461";"379"
"437";"4522";2022-08-08;"1578";"463"
"438";"4522";2022-08-13;"1523";"482"
"439";"4722";2022-04-10;"2248";"686"
"440";"4722";2022-05-10;"4204";"248"
"441";"4722";2022-05-30;"6281";"761"
"442";"4722";2022-06-14;"7485";"566"
"443";"4722";2022-06-19;"7354";"794"
"444";"4722";2022-07-14;"5894";"657"
"445";"4722";2022-07-24;"6770";"867"
"446";"4722";2022-08-03;"4782";"899"
"447";"4722";2022-08-08;"3872";"785"
"448";"4722";2022-08-13;"3347";"672"
"449";"5222";2022-04-10;"7685";"826"
"450";"5222";2022-05-10;"6232";"240"
"451";"5222";2022-05-30;"7676";"328"
"452";"5222";2022-06-14;"6747";"472"
"453";"5222";2022-06-19;"5432";"603"
"454";"5222";2022-07-14;"2857";"613"
"455";"5222";2022-07-24;"2129";"802"
"456";"5222";2022-08-03;"2832";"772"
"457";"5222";2022-08-08;"3387";"1108"
"458";"5222";2022-08-13;"3122";"1007"
"459";"5322";2022-05-10;"1897";"301"
"460";"5322";2022-05-30;"5786";"939"
"461";"5322";2022-06-14;"7638";"328"
"462";"5322";2022-06-17;"8517";"262"
"463";"5322";2022-06-19;"7654";"285"
"464";"5322";2022-07-02;"8838";"304"
"465";"5322";2022-07-12;"8369";"523"
"466";"5322";2022-07-14;"6898";"345"
"467";"5322";2022-07-17;"7292";"428"
"468";"5322";2022-07-24;"8260";"400"
"469";"5322";2022-08-03;"8133";"750"
"470";"5322";2022-08-06;"8108";"849"
"471";"5322";2022-08-08;"7980";"850"
"472";"5322";2022-08-11;"7592";"1057"
"473";"5322";2022-08-13;"7506";"1069"
"474";"5322";2022-08-28;"6043";"1195"
"475";"5422";2022-04-10;"2177";"522"
"476";"5422";2022-05-10;"1846";"492"
"477";"5422";2022-05-30;"5513";"1426"
"478";"5422";2022-06-14;"6770";"1007"
"479";"5422";2022-06-19;"7286";"950"
"480";"5422";2022-07-14;"7219";"1416"
"481";"5422";2022-07-24;"7976";"1239"
"482";"5422";2022-08-03;"7284";"2068"
"483";"5422";2022-08-08;"6950";"2123"
"484";"5422";2022-08-13;"6842";"2199"
"485";"5422";2022-08-28;"2833";"1540"
"486";"6222";2022-04-10;"1920";"546"
"487";"6222";2022-05-10;"1962";"591"
"488";"6222";2022-06-14;"7336";"460"
"489";"6222";2022-06-19;"7961";"590"
"490";"6222";2022-07-14;"5448";"458"
"491";"6222";2022-07-24;"5173";"647"
"492";"6222";2022-08-03;"3062";"334"
"493";"6222";2022-08-08;"2677";"268"
"494";"6222";2022-08-13;"2398";"257"
"495";"6322";2022-04-10;"1846";"291"
"496";"6322";2022-05-10;"2104";"490"
"497";"6322";2022-06-14;"7545";"223"
"498";"6322";2022-06-19;"8076";"363"
"499";"6322";2022-07-14;"5783";"389"
"500";"6322";2022-07-24;"5341";"767"
"501";"6322";2022-08-03;"3495";"559"
"502";"6322";2022-08-08;"3180";"575"
"503";"6322";2022-08-13;"2845";"489"
"504";"6622";2022-04-10;"1941";"630"
"505";"6622";2022-05-10;"1834";"629"
"506";"6622";2022-06-14;"8086";"730"
"507";"6622";2022-06-17;"8461";"942"
"508";"6622";2022-06-19;"7637";"889"
"509";"6622";2022-06-27;"8496";"916"
"510";"6622";2022-07-02;"8296";"743"
"511";"6622";2022-07-12;"6996";"1047"
"512";"6622";2022-07-14;"4958";"740"
"513";"6622";2022-07-17;"4971";"743"
"514";"6622";2022-07-24;"4685";"1197"
"515";"6622";2022-08-01;"2573";"1094"
"516";"6622";2022-08-03;"2622";"917"
"517";"6622";2022-08-06;"2821";"947"
"518";"6622";2022-08-08;"2382";"795"
"519";"6622";2022-08-11;"2312";"716"
"520";"6622";2022-08-13;"2121";"573"
"521";"6622";2022-08-28;"1411";"283"
"522";"6722";2022-04-10;"2533";"575"
"523";"6722";2022-05-10;"2252";"542"
"524";"6722";2022-05-28;"5217";"1274"
"525";"6722";2022-06-14;"7357";"655"
"526";"6722";2022-06-17;"8077";"790"
"527";"6722";2022-06-19;"7319";"738"
"528";"6722";2022-06-27;"7674";"796"
"529";"6722";2022-07-02;"8078";"607"
"530";"6722";2022-07-12;"6418";"810"
"531";"6722";2022-07-14;"4209";"382"
"532";"6722";2022-07-17;"4983";"453"
"533";"6722";2022-07-24;"6317";"695"
"534";"6722";2022-08-01;"2475";"408"
"535";"6722";2022-08-03;"4267";"744"
"536";"6722";2022-08-06;"4501";"709"
"537";"6722";2022-08-08;"3850";"655"
"538";"6722";2022-08-11;"3448";"430"
"539";"6722";2022-08-13;"3166";"517"
"540";"7122";2022-04-10;"1827";"459"
"541";"7122";2022-05-10;"3587";"500"
"542";"7122";2022-05-30;"4566";"817"
"543";"7122";2022-06-14;"7033";"669"
"544";"7122";2022-06-19;"7520";"788"
"545";"7122";2022-07-14;"5806";"463"
"546";"7122";2022-07-24;"7527";"633"
"547";"7122";2022-08-03;"5867";"847"
"548";"7122";2022-08-08;"4354";"782"
"549";"7122";2022-08-13;"3039";"410"
"550";"7322";2022-04-10;"2336";"552"
"551";"7322";2022-05-10;"2218";"730"
"552";"7322";2022-05-30;"3972";"656"
"553";"7322";2022-06-14;"6511";"731"
"554";"7322";2022-06-19;"6952";"651"
"555";"7322";2022-07-14;"7226";"421"
"556";"7322";2022-07-24;"7263";"401"
"557";"7322";2022-08-03;"5714";"434"
"558";"7322";2022-08-08;"4483";"491"
"559";"7322";2022-08-13;"3367";"493"
"560";"7422";2022-04-10;"2106";"695"
"561";"7422";2022-05-10;"1946";"706"
"562";"7422";2022-05-28;"3282";"554"
"563";"7422";2022-06-14;"5954";"592"
"564";"7422";2022-06-17;"6897";"722"
"565";"7422";2022-06-19;"6589";"658"
"566";"7422";2022-06-27;"8162";"647"
"567";"7422";2022-07-02;"8267";"620"
"568";"7422";2022-07-12;"4830";"636"
"569";"7422";2022-07-14;"4617";"378"
"570";"7422";2022-07-17;"5147";"465"
"571";"7422";2022-07-24;"6741";"596"
"572";"7422";2022-08-03;"5134";"565"
"573";"7422";2022-08-06;"5128";"502"
"574";"7422";2022-08-08;"4418";"521"
"575";"7422";2022-08-11;"3560";"436"
"576";"7422";2022-08-13;"3042";"417"
"577";"7522";2022-04-10;"2150";"551"
"578";"7522";2022-05-10;"1708";"477"
"579";"7522";2022-05-30;"4465";"344"
"580";"7522";2022-06-14;"7055";"472"
"581";"7522";2022-06-17;"8015";"526"
"582";"7522";2022-06-19;"7293";"492"
"583";"7522";2022-06-27;"8778";"363"
"584";"7522";2022-07-02;"8717";"383"
"585";"7522";2022-07-12;"5156";"503"
"586";"7522";2022-07-14;"4106";"381"
"587";"7522";2022-07-17;"5689";"552"
"588";"7522";2022-07-24;"6476";"627"
"589";"7522";2022-08-03;"4349";"475"
"590";"7522";2022-08-06;"4616";"521"
"591";"7522";2022-08-08;"3864";"547"
"592";"7522";2022-08-11;"3156";"372"
"593";"7522";2022-08-13;"2737";"423"
"594";"7522";2022-08-28;"2207";"322"
"595";"7622";2022-04-10;"1999";"275"
"596";"7622";2022-05-10;"3731";"3064"
"597";"7622";2022-06-14;"6791";"693"
"598";"7622";2022-06-17;"7819";"625"
"599";"7622";2022-06-19;"7132";"578"
"600";"7622";2022-07-02;"7073";"2551"
"601";"7622";2022-07-12;"6546";"2592"
"602";"7622";2022-07-14;"5375";"1960"
"603";"7622";2022-07-17;"5380";"1938"
"604";"7622";2022-07-24;"6060";"2661"
"605";"7622";2022-08-03;"4564";"2186"
"606";"7622";2022-08-06;"4408";"1945"
"607";"7622";2022-08-08;"3610";"1610"
"608";"7622";2022-08-11;"3116";"1178"
"609";"7622";2022-08-13;"2588";"827"
"610";"7622";2022-08-28;"1838";"345"
"611";"7822";2022-04-10;"3109";"903"
"612";"7822";2022-05-10;"4143";"430"
"613";"7822";2022-05-30;"3895";"909"
"614";"7822";2022-06-14;"6461";"646"
"615";"7822";2022-06-19;"6089";"575"
"616";"7822";2022-07-14;"6214";"519"
"617";"7822";2022-07-24;"7199";"588"
"618";"7822";2022-08-03;"6153";"701"
"619";"7822";2022-08-08;"5666";"789"
"620";"7822";2022-08-13;"5052";"759"
"621";"7822";2022-08-28;"3150";"588"
"622";"8022";2022-04-10;"4334";"1016"
"623";"8022";2022-05-10;"5214";"756"
"624";"8022";2022-05-30;"5086";"1061"
"625";"8022";2022-06-14;"4013";"508"
"626";"8022";2022-06-19;"2792";"454"
"627";"8022";2022-07-14;"2837";"943"
"628";"8022";2022-07-24;"2877";"1199"
"629";"8022";2022-08-03;"3114";"1251"
"630";"8022";2022-08-08;"2015";"945"
"631";"8022";2022-08-13;"1857";"804"
"632";"8022";2022-08-28;"1675";"112"
"633";"8222";2022-04-10;"2705";"955"
"634";"8222";2022-05-10;"3495";"1006"
"635";"8222";2022-06-14;"6586";"741"
"636";"8222";2022-06-19;"7053";"792"
"637";"8222";2022-07-14;"7518";"473"
"638";"8222";2022-07-24;"7684";"404"
"639";"8222";2022-08-03;"6686";"367"
"640";"8222";2022-08-08;"5671";"456"
"641";"8222";2022-08-13;"4519";"712"
"642";"8822";2022-04-10;"2107";"646"
"643";"8822";2022-05-10;"2841";"833"
"644";"8822";2022-05-30;"5074";"524"
"645";"8822";2022-06-14;"7459";"516"
"646";"8822";2022-06-19;"7883";"487"
"647";"8822";2022-07-14;"7529";"380"
"648";"8822";2022-07-24;"7345";"473"
"649";"8822";2022-08-03;"5474";"552"
"650";"8822";2022-08-08;"3917";"432"
"651";"8822";2022-08-13;"3034";"318"
"652";"1Fonteneilles";2022-04-10;"2471";"557"
"653";"1Fonteneilles";2022-04-17;"1726";"479"
"654";"1Fonteneilles";2022-05-30;"2910";"539"
"655";"1Fonteneilles";2022-06-14;"4776";"443"
"656";"1Fonteneilles";2022-06-19;"4955";"666"
"657";"1Fonteneilles";2022-07-14;"4961";"639"
"658";"1Fonteneilles";2022-07-16;"5686";"941"
"659";"1Fonteneilles";2022-07-24;"5875";"869"
"660";"1Fonteneilles";2022-07-31;"4327";"1004"
"661";"1Fonteneilles";2022-08-03;"3793";"898"
"662";"1Fonteneilles";2022-08-08;"3151";"764"
"663";"1Fonteneilles";2022-08-10;"2799";"692"
"664";"1Fonteneilles";2022-08-13;"2503";"669"
"665";"1Fonteneilles";2022-08-20;"2640";"785"
"666";"1Fonteneilles";2022-08-25;"2459";"737"
"667";"2Saison";2022-04-10;"2921";"549"
"668";"2Saison";2022-04-17;"1970";"700"
"669";"2Saison";2022-05-30;"2575";"660"
"670";"2Saison";2022-06-14;"4214";"493"
"671";"2Saison";2022-06-19;"5350";"711"
"672";"2Saison";2022-07-14;"6477";"532"
"673";"2Saison";2022-07-16;"7374";"644"
"674";"2Saison";2022-07-24;"7260";"705"
"675";"2Saison";2022-07-31;"6348";"795"
"676";"2Saison";2022-08-03;"6029";"670"
"677";"2Saison";2022-08-08;"4657";"625"
"678";"2Saison";2022-08-10;"4022";"522"
"679";"2Saison";2022-08-13;"3323";"471"
"680";"2Saison";2022-08-20;"3328";"441"
"681";"2Saison";2022-08-25;"2815";"390"
"682";"2Saison";2022-08-28;"2090";"379"
"683";"3Bretagne";2022-04-10;"1849";"462"
"684";"3Bretagne";2022-04-17;"1729";"574"
"685";"3Bretagne";2022-05-30;"2104";"720"
"686";"3Bretagne";2022-06-14;"4240";"643"
"687";"3Bretagne";2022-06-19;"4167";"891"
"688";"3Bretagne";2022-07-14;"5181";"555"
"689";"3Bretagne";2022-07-16;"6113";"843"
"690";"3Bretagne";2022-07-24;"6216";"776"
"691";"3Bretagne";2022-07-31;"4904";"764"
"692";"3Bretagne";2022-08-03;"4310";"672"
"693";"3Bretagne";2022-08-08;"3616";"643"
"694";"3Bretagne";2022-08-10;"3233";"590"
"695";"3Bretagne";2022-08-13;"2853";"694"
"696";"3Bretagne";2022-08-20;"2485";"546"
"697";"3Bretagne";2022-08-25;"2149";"479"
"698";"3Bretagne";2022-08-28;"1908";"357"
"699";"4Horton";2022-04-10;"2337";"488"
"700";"4Horton";2022-04-17;"1625";"581"
"701";"4Horton";2022-05-07;"2376";"337"
"702";"4Horton";2022-06-19;"5678";"765"
"703";"4Horton";2022-07-14;"6056";"614"
"704";"4Horton";2022-07-16;"7417";"762"
"705";"4Horton";2022-07-24;"7412";"724"
"706";"4Horton";2022-07-31;"6539";"749"
"707";"4Horton";2022-08-03;"5867";"679"
"708";"4Horton";2022-08-08;"4549";"566"
"709";"4Horton";2022-08-10;"4096";"515"
"710";"4Horton";2022-08-13;"3528";"491"
"711";"4Horton";2022-08-20;"3246";"527"
"712";"4Horton";2022-08-25;"2837";"479"
"713";"4Horton";2022-08-28;"2487";"341"
"714";"5Bretagne";2022-04-10;"2004";"504"
"715";"5Bretagne";2022-04-17;"1731";"549"
"716";"5Bretagne";2022-05-30;"2282";"512"
"717";"5Bretagne";2022-06-14;"4412";"449"
"718";"5Bretagne";2022-06-19;"4433";"481"
"719";"5Bretagne";2022-07-14;"5354";"439"
"720";"5Bretagne";2022-07-16;"6299";"603"
"721";"5Bretagne";2022-07-24;"6540";"500"
"722";"5Bretagne";2022-07-31;"5011";"766"
"723";"5Bretagne";2022-08-03;"4400";"730"
"724";"5Bretagne";2022-08-08;"3610";"670"
"725";"5Bretagne";2022-08-10;"3167";"628"
"726";"5Bretagne";2022-08-13;"2773";"543"
"727";"5Bretagne";2022-08-20;"2386";"456"
"728";"5Bretagne";2022-08-25;"2071";"419"
"729";"5Bretagne";2022-08-28;"1946";"220"
"730";"6Philbe";2022-04-10;"2225";"531"
"731";"6Philbe";2022-04-17;"2182";"682"
"732";"6Philbe";2022-05-30;"3187";"705"
"733";"6Philbe";2022-06-14;"5685";"347"
"734";"6Philbe";2022-06-19;"6039";"468"
"735";"6Philbe";2022-07-14;"5201";"221"
"736";"6Philbe";2022-07-16;"6942";"439"
"737";"6Philbe";2022-07-24;"6993";"481"
"738";"6Philbe";2022-07-31;"5248";"689"
"739";"6Philbe";2022-08-03;"4610";"663"
"740";"6Philbe";2022-08-08;"3786";"810"
"741";"6Philbe";2022-08-10;"3237";"690"
"742";"6Philbe";2022-08-13;"3050";"840"
"743";"6Philbe";2022-08-20;"2958";"762"
"744";"6Philbe";2022-08-25;"2646";"689"
"745";"6Philbe";2022-08-28;"2556";"554"
"746";"7Philbe";2022-04-10;"2113";"445"
"747";"7Philbe";2022-04-17;"2034";"578"
"748";"7Philbe";2022-05-30;"3059";"675"
"749";"7Philbe";2022-06-14;"5650";"395"
"750";"7Philbe";2022-06-19;"5961";"463"
"751";"7Philbe";2022-07-14;"5309";"261"
"752";"7Philbe";2022-07-16;"7141";"332"
"753";"7Philbe";2022-07-24;"7251";"328"
"754";"7Philbe";2022-07-31;"5542";"567"
"755";"7Philbe";2022-08-03;"4947";"577"
"756";"7Philbe";2022-08-08;"3804";"554"
"757";"7Philbe";2022-08-10;"3460";"631"
"758";"7Philbe";2022-08-13;"3160";"638"
"759";"7Philbe";2022-08-20;"3203";"816"
"760";"7Philbe";2022-08-25;"2896";"821"
"761";"7Philbe";2022-08-28;"2845";"645"
"762";"8Philbe";2022-04-10;"1969";"527"
"763";"8Philbe";2022-04-17;"1917";"716"
"764";"8Philbe";2022-05-30;"2621";"639"
"765";"8Philbe";2022-06-14;"5404";"568"
"766";"8Philbe";2022-06-19;"5735";"651"
"767";"8Philbe";2022-07-14;"6011";"429"
"768";"8Philbe";2022-07-16;"7006";"612"
"769";"8Philbe";2022-07-24;"7062";"568"
"770";"8Philbe";2022-07-31;"5257";"648"
"771";"8Philbe";2022-08-03;"4619";"547"
"772";"8Philbe";2022-08-08;"3669";"485"
"773";"8Philbe";2022-08-10;"3167";"454"
"774";"8Philbe";2022-08-13;"2824";"546"
"775";"8Philbe";2022-08-20;"2665";"505"
"776";"8Philbe";2022-08-25;"2363";"473"
"777";"8Philbe";2022-08-28;"2278";"390"
"778";"9Fonteneilles";2022-04-10;"2083";"424"
"779";"9Fonteneilles";2022-04-17;"1850";"545"
"780";"9Fonteneilles";2022-05-30;"3165";"635"
"781";"9Fonteneilles";2022-06-14;"4688";"487"
"782";"9Fonteneilles";2022-06-19;"5594";"813"
"783";"9Fonteneilles";2022-07-14;"6506";"521"
"784";"9Fonteneilles";2022-07-16;"7563";"646"
"785";"9Fonteneilles";2022-07-24;"7636";"627"
"786";"9Fonteneilles";2022-07-31;"6780";"843"
"787";"9Fonteneilles";2022-08-03;"6304";"713"
"788";"9Fonteneilles";2022-08-08;"5401";"751"
"789";"9Fonteneilles";2022-08-10;"4894";"762"
"790";"9Fonteneilles";2022-08-13;"4275";"809"
"791";"9Fonteneilles";2022-08-20;"4715";"890"
"792";"9Fonteneilles";2022-08-25;"4489";"862"
"793";"10Horton";2022-04-17;"2097";"878"
"794";"10Horton";2022-05-07;"2763";"535"
"795";"10Horton";2022-06-19;"4004";"396"
"796";"10Horton";2022-07-14;"5053";"401"
"797";"10Horton";2022-07-16;"6373";"543"
"798";"10Horton";2022-07-24;"6571";"636"
"799";"10Horton";2022-07-31;"5886";"715"
"800";"10Horton";2022-08-03;"5568";"732"
"801";"10Horton";2022-08-08;"5017";"733"
"802";"10Horton";2022-08-10;"4702";"668"
"803";"10Horton";2022-08-13;"4134";"875"
"804";"10Horton";2022-08-20;"3977";"711"
"805";"10Horton";2022-08-25;"3282";"685"
"806";"10Horton";2022-08-28;"2711";"466"
"807";"11Faucheux";2022-04-10;"2022";"432"
"808";"11Faucheux";2022-04-17;"1612";"408"
"809";"11Faucheux";2022-05-30;"4182";"793"
"810";"11Faucheux";2022-06-14;"5841";"414"
"811";"11Faucheux";2022-06-19;"6036";"749"
"812";"11Faucheux";2022-07-14;"5193";"497"
"813";"11Faucheux";2022-07-16;"5853";"879"
"814";"11Faucheux";2022-07-24;"5593";"884"
"815";"11Faucheux";2022-07-31;"3876";"1141"
"816";"11Faucheux";2022-08-03;"3348";"1103"
"817";"11Faucheux";2022-08-08;"2885";"932"
"818";"11Faucheux";2022-08-10;"2734";"846"
"819";"11Faucheux";2022-08-13;"2577";"749"
"820";"11Faucheux";2022-08-20;"2558";"823"
"821";"11Faucheux";2022-08-25;"2452";"852"
"822";"11Faucheux";2022-08-28;"2243";"574"
"823";"12Jourlin";2022-04-10;"2364";"866"
"824";"12Jourlin";2022-04-17;"2320";"1123"
"825";"12Jourlin";2022-05-30;"3381";"994"
"826";"12Jourlin";2022-06-14;"3740";"625"
"827";"12Jourlin";2022-06-19;"3396";"724"
"828";"12Jourlin";2022-07-14;"3692";"424"
"829";"12Jourlin";2022-07-16;"4129";"719"
"830";"12Jourlin";2022-07-24;"4417";"691"
"831";"12Jourlin";2022-07-31;"3715";"589"
"832";"12Jourlin";2022-08-03;"3609";"686"
"833";"12Jourlin";2022-08-08;"3248";"577"
"834";"12Jourlin";2022-08-10;"3055";"703"
"835";"12Jourlin";2022-08-13;"2810";"645"
"836";"12Jourlin";2022-08-20;"2824";"842"
"837";"12Jourlin";2022-08-25;"2500";"941"
"838";"12Jourlin";2022-08-28;"1432";"253"
"839";"13Jourlin";2022-04-10;"2592";"750"
"840";"13Jourlin";2022-04-17;"2470";"1076"
"841";"13Jourlin";2022-05-30;"3543";"1066"
"842";"13Jourlin";2022-06-14;"4380";"343"
"843";"13Jourlin";2022-06-19;"4723";"519"
"844";"13Jourlin";2022-07-14;"5486";"477"
"845";"13Jourlin";2022-07-16;"6765";"584"
"846";"13Jourlin";2022-07-24;"7079";"652"
"847";"13Jourlin";2022-07-31;"6018";"506"
"848";"13Jourlin";2022-08-03;"5640";"643"
"849";"13Jourlin";2022-08-08;"4895";"545"
"850";"13Jourlin";2022-08-10;"4496";"631"
"851";"13Jourlin";2022-08-13;"4181";"615"
"852";"13Jourlin";2022-08-20;"3921";"825"
"853";"13Jourlin";2022-08-25;"3398";"923"
"854";"13Jourlin";2022-08-28;"2491";"471"
"855";"14Jourlin";2022-04-10;"2032";"596"
"856";"14Jourlin";2022-04-17;"1893";"783"
"857";"14Jourlin";2022-05-30;"2868";"784"
"858";"14Jourlin";2022-06-14;"4405";"317"
"859";"14Jourlin";2022-06-19;"4742";"367"
"860";"14Jourlin";2022-07-14;"5810";"360"
"861";"14Jourlin";2022-07-16;"7135";"526"
"862";"14Jourlin";2022-07-24;"7347";"482"
"863";"14Jourlin";2022-07-31;"6659";"562"
"864";"14Jourlin";2022-08-03;"6217";"480"
"865";"14Jourlin";2022-08-08;"5216";"455"
"866";"14Jourlin";2022-08-10;"4748";"410"
"867";"14Jourlin";2022-08-13;"4207";"452"
"868";"14Jourlin";2022-08-20;"3907";"429"
"869";"14Jourlin";2022-08-25;"3294";"417"
"870";"14Jourlin";2022-08-28;"2770";"397"
"871";"15Horton";2022-04-17;"2275";"1047"
"872";"15Horton";2022-05-30;"2667";"1268"
"873";"15Horton";2022-06-14;"4115";"775"
"874";"15Horton";2022-06-19;"4364";"844"
"875";"15Horton";2022-07-14;"4199";"430"
"876";"15Horton";2022-07-16;"6713";"863"
"877";"15Horton";2022-07-24;"7159";"845"
"878";"15Horton";2022-07-31;"6655";"937"
"879";"15Horton";2022-08-03;"6569";"823"
"880";"15Horton";2022-08-08;"6037";"844"
"881";"15Horton";2022-08-10;"5584";"816"
"882";"15Horton";2022-08-13;"5495";"971"
"883";"15Horton";2022-08-20;"5353";"971"
"884";"15Horton";2022-08-25;"4469";"971"
"885";"15Horton";2022-08-28;"3378";"665"
"886";"16Douaie";2022-04-10;"1954";"461"
"887";"16Douaie";2022-04-17;"1958";"689"
"888";"16Douaie";2022-05-30;"2373";"748"
"889";"16Douaie";2022-06-14;"4120";"237"
"890";"16Douaie";2022-06-19;"4280";"397"
"891";"16Douaie";2022-07-14;"5425";"407"
"892";"16Douaie";2022-07-16;"6649";"591"
"893";"16Douaie";2022-07-24;"6953";"552"
"894";"16Douaie";2022-07-31;"5835";"631"
"895";"16Douaie";2022-08-03;"5435";"593"
"896";"16Douaie";2022-08-08;"4545";"543"
"897";"16Douaie";2022-08-10;"4184";"501"
"898";"16Douaie";2022-08-13;"3651";"453"
"899";"16Douaie";2022-08-20;"3398";"492"
"900";"16Douaie";2022-08-25;"2826";"539"
"901";"16Douaie";2022-08-28;"1916";"290"
"902";"17Douaie";2022-04-10;"2347";"574"
"903";"17Douaie";2022-04-17;"2060";"650"
"904";"17Douaie";2022-05-30;"2645";"849"
"905";"17Douaie";2022-06-14;"3646";"564"
"906";"17Douaie";2022-06-19;"3628";"604"
"907";"17Douaie";2022-07-14;"4789";"395"
"908";"17Douaie";2022-07-16;"5866";"578"
"909";"17Douaie";2022-07-24;"6223";"524"
"910";"17Douaie";2022-07-31;"5739";"428"
"911";"17Douaie";2022-08-03;"5604";"432"
"912";"17Douaie";2022-08-08;"5143";"430"
"913";"17Douaie";2022-08-10;"4712";"427"
"914";"17Douaie";2022-08-13;"4606";"594"
"915";"17Douaie";2022-08-20;"4117";"616"
"916";"17Douaie";2022-08-25;"3453";"622"
"917";"17Douaie";2022-08-28;"1950";"196"
"918";"19Horton";2022-04-10;"2136";"610"
"919";"19Horton";2022-04-17;"1660";"634"
"920";"19Horton";2022-05-30;"1683";"557"
"921";"19Horton";2022-06-14;"3129";"476"
"922";"19Horton";2022-06-19;"3307";"657"
"923";"19Horton";2022-07-14;"5172";"592"
"924";"19Horton";2022-07-16;"6494";"906"
"925";"19Horton";2022-07-24;"6933";"819"
"926";"19Horton";2022-07-31;"6339";"796"
"927";"19Horton";2022-08-03;"6052";"778"
"928";"19Horton";2022-08-08;"5419";"687"
"929";"19Horton";2022-08-10;"4992";"648"
"930";"19Horton";2022-08-13;"4694";"632"
"931";"19Horton";2022-08-20;"5031";"699"
"932";"19Horton";2022-08-25;"4018";"682"
"933";"19Horton";2022-08-28;"2675";"324"
"934";"20Saison";2022-04-10;"3201";"1535"
"935";"20Saison";2022-04-17;"3211";"2586"
"936";"20Saison";2022-05-30;"2684";"3102"
"937";"20Saison";2022-06-19;"2300";"753"
"938";"20Saison";2022-07-14;"5751";"2074"
"939";"20Saison";2022-07-16;"6213";"2354"
"940";"20Saison";2022-07-24;"6492";"2369"
"941";"20Saison";2022-07-31;"5925";"1979"
"942";"20Saison";2022-08-03;"5256";"1576"
"943";"20Saison";2022-08-08;"4741";"1176"
"944";"20Saison";2022-08-10;"4578";"1119"
"945";"20Saison";2022-08-13;"4403";"969"
"946";"20Saison";2022-08-20;"5920";"1334"
"947";"20Saison";2022-08-25;"3859";"1276"
"948";"20Saison";2022-08-28;"3498";"1040"
"949";"22Vecten";2022-04-10;"2377";"411"
"950";"22Vecten";2022-04-17;"2306";"689"
"951";"22Vecten";2022-05-07;"2986";"279"
"952";"22Vecten";2022-05-30;"3222";"655"
"953";"22Vecten";2022-06-14;"2612";"322"
"954";"22Vecten";2022-06-19;"2032";"481"
"955";"22Vecten";2022-07-14;"4579";"391"
"956";"22Vecten";2022-07-16;"6159";"739"
"957";"22Vecten";2022-07-24;"7458";"495"
"958";"22Vecten";2022-07-31;"6754";"563"
"959";"22Vecten";2022-08-03;"6396";"570"
"960";"22Vecten";2022-08-08;"6270";"659"
"961";"22Vecten";2022-08-10;"6162";"668"
"962";"22Vecten";2022-08-13;"5953";"794"
"963";"22Vecten";2022-08-20;"6906";"550"
"964";"22Vecten";2022-08-25;"6168";"775"
"965";"23Vecten";2022-04-10;"2393";"463"
"966";"23Vecten";2022-04-17;"2403";"712"
"967";"23Vecten";2022-05-07;"2958";"291"
"968";"23Vecten";2022-05-30;"2489";"862"
"969";"23Vecten";2022-06-14;"2690";"574"
"970";"23Vecten";2022-06-19;"1827";"465"
"971";"23Vecten";2022-07-14;"3456";"285"
"972";"23Vecten";2022-07-16;"4171";"456"
"973";"23Vecten";2022-07-24;"7023";"649"
"974";"23Vecten";2022-07-31;"6765";"605"
"975";"23Vecten";2022-08-03;"6268";"607"
"976";"23Vecten";2022-08-08;"6395";"728"
"977";"23Vecten";2022-08-10;"6238";"699"
"978";"23Vecten";2022-08-13;"5786";"898"
"979";"23Vecten";2022-08-20;"7358";"564"
"980";"23Vecten";2022-08-25;"6448";"708"
"981";"24Vecten";2022-04-10;"2455";"425"
"982";"24Vecten";2022-04-17;"2268";"524"
"983";"24Vecten";2022-05-07;"2864";"255"
"984";"24Vecten";2022-05-30;"2873";"728"
"985";"24Vecten";2022-06-14;"2720";"478"
"986";"24Vecten";2022-06-19;"1925";"498"
"987";"24Vecten";2022-07-14;"3823";"396"
"988";"24Vecten";2022-07-16;"4899";"649"
"989";"24Vecten";2022-07-24;"7084";"628"
"990";"24Vecten";2022-07-31;"6657";"631"
"991";"24Vecten";2022-08-03;"6380";"560"
"992";"24Vecten";2022-08-08;"6394";"625"
"993";"24Vecten";2022-08-10;"6248";"607"
"994";"24Vecten";2022-08-13;"6071";"698"
"995";"24Vecten";2022-08-20;"6899";"575"
"996";"24Vecten";2022-08-25;"6201";"678"
"997";"177gers2020";2020-05-25;"7182";"884"
"998";"177gers2020";2020-05-30;"6909";"930"
"999";"177gers2020";2020-06-09;"5220";"778"
"1000";"177gers2020";2020-06-14;"6711";"780"
"1001";"177gers2020";2020-06-19;"5973";"924"
"1002";"177gers2020";2020-06-24;"6335";"683"
"1003";"177gers2020";2020-07-04;"5831";"614"
"1004";"177gers2020";2020-07-09;"5388";"652"
"1005";"177gers2020";2020-07-19;"5103";"601"
"1006";"177gers2020";2020-07-24;"4742";"654"
"1007";"177gers2020";2020-07-29;"3623";"403"
"1008";"177gers2020";2020-08-08;"3161";"362"
"1009";"177gers2020";2020-08-23;"2898";"732"
"1010";"178gers2020";2020-04-05;"1695";"988"
"1011";"178gers2020";2020-04-10;"1585";"849"
"1012";"178gers2020";2020-04-15;"1656";"886"
"1013";"178gers2020";2020-05-05;"1814";"939"
"1014";"178gers2020";2020-05-20;"2165";"915"
"1015";"178gers2020";2020-05-25;"2744";"730"
"1016";"178gers2020";2020-05-30;"3748";"830"
"1017";"178gers2020";2020-06-19;"6521";"1586"
"1018";"178gers2020";2020-06-24;"7324";"766"
"1019";"178gers2020";2020-07-04;"6861";"489"
"1020";"178gers2020";2020-07-09;"6665";"674"
"1021";"178gers2020";2020-07-19;"6240";"989"
"1022";"178gers2020";2020-07-24;"5189";"1122"
"1023";"178gers2020";2020-07-29;"4103";"987"
"1024";"178gers2020";2020-08-08;"2521";"962"
"1025";"178gers2020";2020-08-23;"2217";"1009"
"1026";"181gers2020";2020-04-05;"1909";"987"
"1027";"181gers2020";2020-04-10;"1634";"1063"
"1028";"181gers2020";2020-04-15;"1599";"952"
"1029";"181gers2020";2020-05-05;"2346";"695"
"1030";"181gers2020";2020-05-20;"1606";"1280"
"1031";"181gers2020";2020-05-25;"1489";"1100"
"1032";"181gers2020";2020-05-30;"1512";"1322"
"1033";"181gers2020";2020-06-19;"1920";"1236"
"1034";"181gers2020";2020-06-24;"1995";"998"
"1035";"181gers2020";2020-07-04;"2845";"855"
"1036";"181gers2020";2020-07-09;"3155";"1121"
"1037";"181gers2020";2020-07-19;"4133";"1209"
"1038";"181gers2020";2020-07-24;"4407";"1234"
"1039";"181gers2020";2020-07-29;"4522";"1218"
"1040";"181gers2020";2020-08-08;"4376";"1287"
"1041";"181gers2020";2020-08-23;"4501";"1493"
"1042";"182gers2020";2020-04-05;"1352";"652"
"1043";"182gers2020";2020-04-10;"1183";"639"
"1044";"182gers2020";2020-04-15;"1211";"541"
"1045";"182gers2020";2020-05-05;"1347";"826"
"1046";"182gers2020";2020-05-20;"1381";"671"
"1047";"182gers2020";2020-05-25;"1270";"578"
"1048";"182gers2020";2020-05-30;"1239";"687"
"1049";"182gers2020";2020-06-19;"2391";"874"
"1050";"182gers2020";2020-06-24;"3482";"1124"
"1051";"182gers2020";2020-07-04;"5950";"1950"
"1052";"182gers2020";2020-07-09;"6602";"1568"
"1053";"182gers2020";2020-07-19;"7268";"1298"
"1054";"182gers2020";2020-07-24;"6821";"1371"
"1055";"182gers2020";2020-07-29;"5470";"1539"
"1056";"182gers2020";2020-08-08;"5248";"1606"
"1057";"182gers2020";2020-08-23;"3002";"1371"
"1058";"183gers2020";2020-04-05;"1472";"499"
"1059";"183gers2020";2020-04-10;"1158";"485"
"1060";"183gers2020";2020-04-15;"1208";"468"
"1061";"183gers2020";2020-05-05;"1229";"624"
"1062";"183gers2020";2020-05-20;"1141";"700"
"1063";"183gers2020";2020-05-25;"1097";"506"
"1064";"183gers2020";2020-05-30;"1042";"639"
"1065";"183gers2020";2020-06-19;"1799";"448"
"1066";"183gers2020";2020-06-24;"2140";"755"
"1067";"183gers2020";2020-07-04;"4048";"1457"
"1068";"183gers2020";2020-07-09;"4672";"1583"
"1069";"183gers2020";2020-07-19;"5504";"1592"
"1070";"183gers2020";2020-07-24;"5048";"1497"
"1071";"183gers2020";2020-07-29;"4211";"1293"
"1072";"183gers2020";2020-08-08;"3777";"1298"
"1073";"183gers2020";2020-08-23;"3299";"1092"
"1074";"184gers2020";2020-04-05;"1485";"817"
"1075";"184gers2020";2020-04-10;"1317";"768"
"1076";"184gers2020";2020-04-15;"1424";"829"
"1077";"184gers2020";2020-05-05;"1470";"969"
"1078";"184gers2020";2020-05-20;"1489";"737"
"1079";"184gers2020";2020-05-25;"1498";"837"
"1080";"184gers2020";2020-05-30;"1488";"797"
"1081";"184gers2020";2020-06-19;"3401";"1544"
"1082";"184gers2020";2020-06-24;"4103";"1854"
"1083";"184gers2020";2020-07-04;"5991";"2316"
"1084";"184gers2020";2020-07-09;"6342";"1988"
"1085";"184gers2020";2020-07-19;"6669";"1318"
"1086";"184gers2020";2020-07-24;"6128";"1128"
"1087";"184gers2020";2020-07-29;"5002";"1491"
"1088";"184gers2020";2020-08-08;"5229";"1946"
"1089";"184gers2020";2020-08-23;"4078";"2193"
"1090";"185gers2020";2020-04-05;"1352";"688"
"1091";"185gers2020";2020-04-10;"1153";"532"
"1092";"185gers2020";2020-04-15;"1249";"594"
"1093";"185gers2020";2020-05-05;"1443";"784"
"1094";"185gers2020";2020-05-20;"1260";"617"
"1095";"185gers2020";2020-05-25;"1246";"681"
"1096";"185gers2020";2020-05-30;"1180";"618"
"1097";"185gers2020";2020-06-19;"2914";"1002"
"1098";"185gers2020";2020-06-24;"4013";"1384"
"1099";"185gers2020";2020-07-04;"6607";"1381"
"1100";"185gers2020";2020-07-09;"6798";"1392"
"1101";"185gers2020";2020-07-19;"7113";"1202"
"1102";"185gers2020";2020-07-24;"6403";"1212"
"1103";"185gers2020";2020-07-29;"5410";"1139"
"1104";"185gers2020";2020-08-08;"4449";"1153"
"1105";"185gers2020";2020-08-23;"4281";"1007"
"1106";"186gers2020";2020-04-05;"1462";"779"
"1107";"186gers2020";2020-04-10;"1271";"721"
"1108";"186gers2020";2020-04-15;"1388";"778"
"1109";"186gers2020";2020-05-05;"1508";"929"
"1110";"186gers2020";2020-05-20;"1341";"967"
"1111";"186gers2020";2020-05-25;"1361";"885"
"1112";"186gers2020";2020-05-30;"1280";"816"
"1113";"186gers2020";2020-06-19;"2657";"606"
"1114";"186gers2020";2020-06-24;"3760";"840"
"1115";"186gers2020";2020-07-04;"5991";"1268"
"1116";"186gers2020";2020-07-09;"6940";"1127"
"1117";"186gers2020";2020-07-19;"7221";"1253"
"1118";"186gers2020";2020-07-24;"5952";"1392"
"1119";"186gers2020";2020-07-29;"5076";"1251"
"1120";"186gers2020";2020-08-08;"3849";"1117"
"1121";"186gers2020";2020-08-23;"3212";"756"
"1122";"187gers2020";2020-04-05;"1365";"888"
"1123";"187gers2020";2020-04-10;"1176";"820"
"1124";"187gers2020";2020-04-15;"1278";"902"
"1125";"187gers2020";2020-05-05;"1445";"1263"
"1126";"187gers2020";2020-05-20;"1270";"1060"
"1127";"187gers2020";2020-05-25;"1329";"1078"
"1128";"187gers2020";2020-05-30;"1252";"996"
"1129";"187gers2020";2020-06-19;"2566";"739"
"1130";"187gers2020";2020-06-24;"3712";"1533"
"1131";"187gers2020";2020-07-04;"5907";"1632"
"1132";"187gers2020";2020-07-09;"6326";"1592"
"1133";"187gers2020";2020-07-19;"6902";"1418"
"1134";"187gers2020";2020-07-24;"6205";"1479"
"1135";"187gers2020";2020-07-29;"4935";"1544"
"1136";"187gers2020";2020-08-08;"4965";"1746"
"1137";"187gers2020";2020-08-23;"4261";"1244"
"1138";"188gers2020";2020-04-05;"1466";"691"
"1139";"188gers2020";2020-04-10;"1339";"704"
"1140";"188gers2020";2020-04-15;"1428";"749"
"1141";"188gers2020";2020-05-05;"1439";"926"
"1142";"188gers2020";2020-05-20;"1467";"987"
"1143";"188gers2020";2020-05-25;"1423";"806"
"1144";"188gers2020";2020-05-30;"1293";"826"
"1145";"188gers2020";2020-06-19;"1364";"634"
"1146";"188gers2020";2020-06-24;"1667";"638"
"1147";"188gers2020";2020-07-04;"3313";"858"
"1148";"188gers2020";2020-07-09;"4450";"1066"
"1149";"188gers2020";2020-07-19;"6231";"1282"
"1150";"188gers2020";2020-07-24;"6316";"1328"
"1151";"188gers2020";2020-07-29;"5355";"1177"
"1152";"188gers2020";2020-08-08;"5072";"1301"
"1153";"188gers2020";2020-08-23;"5953";"928"
"1154";"189gers2020";2020-04-05;"2547";"1285"
"1155";"189gers2020";2020-04-10;"2706";"1574"
"1156";"189gers2020";2020-04-15;"3095";"1867"
"1157";"189gers2020";2020-05-05;"4283";"2997"
"1158";"189gers2020";2020-05-20;"4042";"2862"
"1159";"189gers2020";2020-05-25;"3968";"2743"
"1160";"189gers2020";2020-05-30;"3465";"2476"
"1161";"189gers2020";2020-06-24;"2568";"1006"
"1162";"189gers2020";2020-07-04;"2089";"864"
"1163";"189gers2020";2020-07-09;"4607";"2467"
"1164";"189gers2020";2020-07-19;"5137";"2916"
"1165";"189gers2020";2020-07-24;"4898";"2881"
"1166";"189gers2020";2020-07-29;"3913";"2775"
"1167";"189gers2020";2020-08-08;"3984";"2296"
"1168";"189gers2020";2020-08-23;"4491";"2097"
"1169";"190gers2020";2020-04-05;"1304";"433"
"1170";"190gers2020";2020-04-10;"1137";"351"
"1171";"190gers2020";2020-04-15;"1185";"347"
"1172";"190gers2020";2020-05-05;"1109";"395"
"1173";"190gers2020";2020-05-20;"1047";"412"
"1174";"190gers2020";2020-05-25;"1122";"396"
"1175";"190gers2020";2020-05-30;"1016";"340"
"1176";"190gers2020";2020-06-24;"2186";"585"
"1177";"190gers2020";2020-07-09;"5498";"1240"
"1178";"190gers2020";2020-07-19;"6678";"1036"
"1179";"190gers2020";2020-07-24;"6185";"980"
"1180";"190gers2020";2020-07-29;"4493";"1201"
"1181";"190gers2020";2020-08-08;"4417";"967"
"1182";"190gers2020";2020-08-23;"3968";"686"
"1183";"191gers2020";2020-04-05;"1561";"714"
"1184";"191gers2020";2020-04-10;"1384";"647"
"1185";"191gers2020";2020-04-15;"1460";"666"
"1186";"191gers2020";2020-05-05;"1520";"884"
"1187";"191gers2020";2020-05-20;"1378";"778"
"1188";"191gers2020";2020-05-25;"1362";"746"
"1189";"191gers2020";2020-05-30;"1253";"689"
"1190";"191gers2020";2020-06-24;"2581";"791"
"1191";"191gers2020";2020-07-09;"5552";"1238"
"1192";"191gers2020";2020-07-19;"6220";"1120"
"1193";"191gers2020";2020-07-24;"5723";"1217"
"1194";"191gers2020";2020-07-29;"4397";"1096"
"1195";"191gers2020";2020-08-08;"4445";"1143"
"1196";"191gers2020";2020-08-23;"4111";"785"
"1197";"192gers2020";2020-04-05;"1884";"1248"
"1198";"192gers2020";2020-04-10;"1762";"1272"
"1199";"192gers2020";2020-04-15;"1862";"1258"
"1200";"192gers2020";2020-05-05;"2714";"1569"
"1201";"192gers2020";2020-05-20;"2334";"1221"
"1202";"192gers2020";2020-05-25;"2055";"1455"
"1203";"192gers2020";2020-05-30;"1777";"1319"
"1204";"192gers2020";2020-06-24;"2754";"973"
"1205";"192gers2020";2020-07-09;"6484";"859"
"1206";"192gers2020";2020-07-19;"7012";"1080"
"1207";"192gers2020";2020-07-24;"6406";"1287"
"1208";"192gers2020";2020-07-29;"2629";"2084"
"1209";"192gers2020";2020-08-08;"4697";"1218"
"1210";"192gers2020";2020-08-23;"5993";"757"
"1211";"193gers2020";2020-04-05;"1637";"946"
"1212";"193gers2020";2020-04-10;"1491";"935"
"1213";"193gers2020";2020-04-15;"1523";"888"
"1214";"193gers2020";2020-05-05;"2018";"1182"
"1215";"193gers2020";2020-05-20;"1973";"1250"
"1216";"193gers2020";2020-05-25;"1464";"852"
"1217";"193gers2020";2020-05-30;"1288";"891"
"1218";"193gers2020";2020-06-24;"2105";"621"
"1219";"193gers2020";2020-07-09;"6197";"1102"
"1220";"193gers2020";2020-07-19;"7087";"1222"
"1221";"193gers2020";2020-07-24;"6568";"1379"
"1222";"193gers2020";2020-07-29;"4540";"2308"
"1223";"193gers2020";2020-08-08;"5027";"1374"
"1224";"193gers2020";2020-08-23;"6214";"895"
"1225";"194gers2020";2020-04-05;"2173";"1388"
"1226";"194gers2020";2020-04-10;"1977";"1381"
"1227";"194gers2020";2020-04-15;"1995";"1237"
"1228";"194gers2020";2020-05-05;"2434";"1691"
"1229";"194gers2020";2020-05-20;"2137";"1584"
"1230";"194gers2020";2020-05-25;"2087";"1365"
"1231";"194gers2020";2020-05-30;"1963";"1547"
"1232";"194gers2020";2020-06-24;"2562";"1113"
"1233";"194gers2020";2020-07-09;"5665";"649"
"1234";"194gers2020";2020-07-19;"7143";"686"
"1235";"194gers2020";2020-07-24;"7224";"844"
"1236";"194gers2020";2020-07-29;"-223";"1702"
"1237";"194gers2020";2020-08-08;"6339";"1188"
"1238";"194gers2020";2020-08-23;"6664";"1048"
"1239";"195gers2020";2020-04-05;"1831";"810"
"1240";"195gers2020";2020-04-10;"1649";"915"
"1241";"195gers2020";2020-04-15;"1712";"889"
"1242";"195gers2020";2020-05-05;"1867";"1165"
"1243";"195gers2020";2020-05-20;"1766";"1278"
"1244";"195gers2020";2020-05-25;"1685";"1022"
"1245";"195gers2020";2020-05-30;"1663";"1114"
"1246";"195gers2020";2020-06-24;"2576";"926"
"1247";"195gers2020";2020-07-09;"4525";"833"
"1248";"195gers2020";2020-07-19;"5599";"858"
"1249";"195gers2020";2020-07-24;"5577";"906"
"1250";"195gers2020";2020-07-29;"2062";"1733"
"1251";"195gers2020";2020-08-08;"4913";"1121"
"1252";"195gers2020";2020-08-23;"4372";"1007"
"1253";"196gers2020";2020-04-05;"1625";"657"
"1254";"196gers2020";2020-04-10;"1397";"703"
"1255";"196gers2020";2020-04-15;"1568";"773"
"1256";"196gers2020";2020-05-05;"1760";"1209"
"1257";"196gers2020";2020-05-20;"1469";"1050"
"1258";"196gers2020";2020-05-25;"1585";"1035"
"1259";"196gers2020";2020-05-30;"1665";"967"
"1260";"196gers2020";2020-06-24;"6643";"1286"
"1261";"196gers2020";2020-07-09;"8094";"791"
"1262";"196gers2020";2020-07-19;"7755";"685"
"1263";"196gers2020";2020-07-24;"7262";"836"
"1264";"196gers2020";2020-07-29;"5382";"1313"
"1265";"196gers2020";2020-08-08;"5076";"1149"
"1266";"197gers2020";2020-04-05;"1682";"1043"
"1267";"197gers2020";2020-04-10;"1422";"922"
"1268";"197gers2020";2020-04-15;"1645";"1089"
"1269";"197gers2020";2020-05-05;"1868";"1501"
"1270";"197gers2020";2020-05-20;"1532";"891"
"1271";"197gers2020";2020-05-25;"1887";"1161"
"1272";"197gers2020";2020-05-30;"2068";"835"
"1273";"197gers2020";2020-06-24;"6108";"665"
"1274";"197gers2020";2020-07-09;"7135";"444"
"1275";"197gers2020";2020-07-19;"7207";"563"
"1276";"197gers2020";2020-07-24;"6746";"680"
"1277";"197gers2020";2020-07-29;"4534";"989"
"1278";"197gers2020";2020-08-08;"4392";"988"
"1279";"198gers2020";2020-04-05;"1330";"271"
"1280";"198gers2020";2020-04-10;"1196";"289"
"1281";"198gers2020";2020-04-15;"1243";"239"
"1282";"198gers2020";2020-05-05;"1995";"1124"
"1283";"198gers2020";2020-05-20;"2383";"1718"
"1284";"198gers2020";2020-05-25;"2672";"1612"
"1285";"198gers2020";2020-05-30;"3305";"1537"
"1286";"198gers2020";2020-06-24;"7530";"836"
"1287";"198gers2020";2020-07-09;"7619";"486"
"1288";"198gers2020";2020-07-19;"7227";"781"
"1289";"198gers2020";2020-07-24;"6605";"683"
"1290";"198gers2020";2020-07-29;"3487";"1387"
"1291";"198gers2020";2020-08-08;"2884";"802"
"1292";"199gers2020";2020-04-05;"1805";"960"
"1293";"199gers2020";2020-04-10;"1532";"929"
"1294";"199gers2020";2020-04-15;"1645";"929"
"1295";"199gers2020";2020-05-05;"1596";"1145"
"1296";"199gers2020";2020-05-20;"1614";"1320"
"1297";"199gers2020";2020-05-25;"1560";"954"
"1298";"199gers2020";2020-05-30;"1538";"1121"
"1299";"199gers2020";2020-06-24;"4662";"999"
"1300";"199gers2020";2020-07-09;"7161";"1047"
"1301";"199gers2020";2020-07-19;"6679";"1499"
"1302";"199gers2020";2020-07-24;"5822";"1610"
"1303";"199gers2020";2020-07-29;"5132";"1441"
"1304";"199gers2020";2020-08-08;"4340";"1342"
"1305";"200gers2020";2020-04-05;"2899";"2334"
"1306";"200gers2020";2020-04-10;"2739";"2321"
"1307";"200gers2020";2020-04-15;"2854";"2364"
"1308";"200gers2020";2020-05-05;"3367";"2725"
"1309";"200gers2020";2020-05-20;"2583";"2156"
"1310";"200gers2020";2020-05-25;"2491";"1983"
"1311";"200gers2020";2020-05-30;"2289";"1710"
"1312";"200gers2020";2020-06-24;"3260";"1566"
"1313";"200gers2020";2020-07-09;"4751";"2448"
"1314";"200gers2020";2020-07-19;"4867";"2454"
"1315";"200gers2020";2020-07-24;"4331";"2188"
"1316";"200gers2020";2020-07-29;"3819";"2024"
"1317";"200gers2020";2020-08-08;"3121";"1599"
"1318";"203gers2020";2020-04-05;"4338";"848"
"1319";"203gers2020";2020-04-10;"4284";"676"
"1320";"203gers2020";2020-04-15;"5017";"638"
"1321";"203gers2020";2020-05-05;"6706";"1013"
"1322";"203gers2020";2020-05-20;"5710";"606"
"1323";"203gers2020";2020-05-25;"5719";"740"
"1324";"203gers2020";2020-05-30;"5408";"614"
"1325";"203gers2020";2020-06-24;"3606";"428"
"1326";"203gers2020";2020-07-09;"3336";"375"
"1327";"203gers2020";2020-07-19;"3144";"504"
"1328";"203gers2020";2020-07-24;"2995";"628"
"1329";"203gers2020";2020-07-29;"2704";"354"
"1330";"203gers2020";2020-08-08;"2460";"354"
"1331";"204gers2020";2020-04-05;"1480";"739"
"1332";"204gers2020";2020-04-10;"1349";"647"
"1333";"204gers2020";2020-04-15;"1411";"705"
"1334";"204gers2020";2020-05-05;"1626";"1134"
"1335";"204gers2020";2020-05-20;"1354";"768"
"1336";"204gers2020";2020-05-25;"1456";"870"
"1337";"204gers2020";2020-05-30;"1610";"776"
"1338";"204gers2020";2020-06-24;"5946";"868"
"1339";"204gers2020";2020-07-09;"7121";"828"
"1340";"204gers2020";2020-07-19;"6355";"874"
"1341";"204gers2020";2020-07-24;"5655";"1017"
"1342";"204gers2020";2020-07-29;"4857";"923"
"1343";"204gers2020";2020-08-08;"3193";"814"
"1344";"205gers2020";2020-04-05;"1767";"824"
"1345";"205gers2020";2020-04-10;"1557";"700"
"1346";"205gers2020";2020-04-15;"1649";"735"
"1347";"205gers2020";2020-05-05;"1819";"826"
"1348";"205gers2020";2020-05-20;"1741";"745"
"1349";"205gers2020";2020-05-25;"2096";"822"
"1350";"205gers2020";2020-05-30;"2555";"594"
"1351";"205gers2020";2020-06-24;"6785";"892"
"1352";"205gers2020";2020-07-09;"6594";"785"
"1353";"205gers2020";2020-07-19;"6245";"975"
"1354";"205gers2020";2020-07-24;"5075";"980"
"1355";"205gers2020";2020-07-29;"4250";"862"
"1356";"205gers2020";2020-08-08;"2595";"835"
"1357";"206gers2020";2020-04-05;"1861";"1041"
"1358";"206gers2020";2020-04-10;"1630";"907"
"1359";"206gers2020";2020-04-15;"1721";"1034"
"1360";"206gers2020";2020-05-05;"2045";"1349"
"1361";"206gers2020";2020-05-20;"1672";"1136"
"1362";"206gers2020";2020-05-25;"1715";"1203"
"1363";"206gers2020";2020-05-30;"1661";"1053"
"1364";"206gers2020";2020-06-24;"4975";"851"
"1365";"206gers2020";2020-07-09;"6757";"997"
"1366";"206gers2020";2020-07-19;"5869";"1372"
"1367";"206gers2020";2020-07-24;"4775";"1430"
"1368";"206gers2020";2020-07-29;"4205";"1385"
"1369";"206gers2020";2020-08-08;"3360";"1113"
"1370";"207gers2020";2020-04-05;"1950";"1092"
"1371";"207gers2020";2020-04-10;"1831";"1106"
"1372";"207gers2020";2020-04-15;"1953";"1153"
"1373";"207gers2020";2020-05-05;"2121";"1466"
"1374";"207gers2020";2020-05-20;"1838";"1283"
"1375";"207gers2020";2020-05-25;"1765";"1242"
"1376";"207gers2020";2020-05-30;"1549";"1173"
"1377";"207gers2020";2020-06-24;"2907";"1887"
"1378";"207gers2020";2020-07-09;"4723";"1965"
"1379";"207gers2020";2020-07-19;"5857";"1015"
"1380";"207gers2020";2020-07-24;"5975";"1005"
"1381";"207gers2020";2020-07-29;"3840";"1265"
"1382";"207gers2020";2020-08-08;"5769";"1580"
"1383";"208gers2020";2020-04-05;"2280";"1129"
"1384";"208gers2020";2020-04-10;"2028";"1066"
"1385";"208gers2020";2020-04-15;"1992";"1168"
"1386";"208gers2020";2020-05-05;"2202";"1380"
"1387";"208gers2020";2020-05-20;"1684";"1096"
"1388";"208gers2020";2020-05-25;"1722";"1238"
"1389";"208gers2020";2020-05-28;"1679";"1224"
"1390";"208gers2020";2020-05-30;"1584";"1087"
"1391";"208gers2020";2020-06-02;"2105";"450"
"1392";"208gers2020";2020-06-07;"2359";"488"
"1393";"208gers2020";2020-06-12;"2638";"779"
"1394";"208gers2020";2020-06-17;"2661";"1191"
"1395";"208gers2020";2020-06-24;"2691";"962"
"1396";"208gers2020";2020-06-27;"3220";"1007"
"1397";"208gers2020";2020-07-07;"4441";"995"
"1398";"208gers2020";2020-07-09;"4335";"893"
"1399";"208gers2020";2020-07-12;"4184";"569"
"1400";"208gers2020";2020-07-19;"4995";"896"
"1401";"208gers2020";2020-07-22;"4834";"854"
"1402";"208gers2020";2020-07-24;"4600";"870"
"1403";"208gers2020";2020-07-27;"4745";"968"
"1404";"208gers2020";2020-07-29;"3898";"573"
"1405";"208gers2020";2020-08-06;"4363";"959"
"1406";"208gers2020";2020-08-08;"3940";"977"
"1407";"208gers2020";2020-08-16;"2942";"781"
"1408";"208gers2020";2020-08-21;"3640";"1040"
"1409";"208gers2020";2020-08-26;"3662";"1172"
"1410";"209gers2020";2020-04-03;"1818";"840"
"1411";"209gers2020";2020-04-05;"1738";"906"
"1412";"209gers2020";2020-04-08;"1661";"913"
"1413";"209gers2020";2020-04-10;"1542";"888"
"1414";"209gers2020";2020-04-15;"1661";"907"
"1415";"209gers2020";2020-05-03;"2540";"1282"
"1416";"209gers2020";2020-05-05;"1798";"1243"
"1417";"209gers2020";2020-05-08;"1748";"1216"
"1418";"209gers2020";2020-05-18;"2110";"1120"
"1419";"209gers2020";2020-05-20;"1786";"1209"
"1420";"209gers2020";2020-05-25;"1700";"1086"
"1421";"209gers2020";2020-05-28;"1623";"1082"
"1422";"209gers2020";2020-05-30;"1586";"1150"
"1423";"209gers2020";2020-06-02;"1611";"946"
"1424";"209gers2020";2020-06-07;"2048";"435"
"1425";"209gers2020";2020-06-12;"2463";"1106"
"1426";"209gers2020";2020-06-17;"2216";"1131"
"1427";"209gers2020";2020-06-24;"2482";"916"
"1428";"209gers2020";2020-06-27;"2570";"560"
"1429";"209gers2020";2020-07-07;"5254";"1270"
"1430";"209gers2020";2020-07-09;"5288";"1255"
"1431";"209gers2020";2020-07-12;"4702";"711"
"1432";"209gers2020";2020-07-19;"6302";"1438"
"1433";"209gers2020";2020-07-22;"6307";"1507"
"1434";"209gers2020";2020-07-24;"4688";"2073"
"1435";"209gers2020";2020-07-27;"6428";"1662"
"1436";"209gers2020";2020-07-29;"5117";"1276"
"1437";"209gers2020";2020-08-06;"5720";"1453"
"1438";"209gers2020";2020-08-08;"5398";"1398"
"1439";"209gers2020";2020-08-16;"5589";"1162"
"1440";"209gers2020";2020-08-21;"5652";"1356"
"1441";"209gers2020";2020-08-26;"5812";"1179"
