;x;y;presence_effaroucheur;nb_sain;nb_tige;nb_coty;surface;ecartement;annee;cailloux;ID;region;adventice;inter_plant;effaroucheur;sol;nombre_segments;date;ravageurs;transect;nb_arrachees;nb_taupins;nb_limace;nb_lievre;sains;estim_dens;leves;viables;taux_lesions;taux_detruits
1;-0.34813873;46.14696913;non;39666.66667;8000;17333.33333;3.39;60;2018;fort;1_pc_2018;PC;NA;NA;NA;NA;5;NA;NA;NA;NA;NA;NA;NA;NA;NA;65000;57000;0.266666667;0.123076923
2;-0.34700854;46.14066579;non;29333.33333;666.6666667;4666.666667;3.88;60;2018;faible;2_pc_2018;PC;NA;NA;NA;NA;5;NA;NA;NA;NA;NA;NA;NA;NA;NA;34666.66667;34000;0.134615385;0.019230769
3;-0.32726288;46.13046054;non;39459.45946;9729.72973;2432.432432;6.75;74;2018;faible;3_pc_2018;PC;NA;NA;NA;NA;5;NA;NA;NA;NA;NA;NA;NA;NA;NA;51621.62162;41891.89189;0.047120419;0.188481675
4;-0.33054049;46.12640297;non;31875;9687.5;1250;0.53;64;2018;fort;4_pc_2018;PC;NA;NA;NA;NA;5;NA;NA;NA;NA;NA;NA;NA;NA;NA;42812.5;33125;0.02919708;0.226277372
5;-0.34951848;46.1185978;oui;625;13750;31562.5;2.2;64;2018;fort;5_pc_2018;PC;NA;NA;NA;NA;5;NA;NA;NA;NA;NA;NA;NA;NA;NA;45937.5;32187.5;0.68707483;0.299319728
6;-0.54879022;46.13342454;oui;5454.545455;5194.805195;19480.51948;6.03;77;2018;faible;6_pc_2018;PC;NA;NA;NA;NA;5;NA;NA;NA;NA;NA;NA;NA;NA;NA;30129.87013;24935.06494;0.646551724;0.172413793
7;-0.97197249;46.10818008;non;12307.69231;11025.64103;11538.46154;1.44;78;2018;fort;7_pc_2018;PC;NA;NA;NA;NA;5;NA;NA;NA;NA;NA;NA;NA;NA;NA;34871.79487;23846.15385;0.330882353;0.316176471
8;-0.97619499;46.10888604;non;27027.02703;14324.32432;11081.08108;2.32;74;2018;fort;8_pc_2018;PC;NA;NA;NA;NA;5;NA;NA;NA;NA;NA;NA;NA;NA;NA;52432.43243;38108.10811;0.211340206;0.273195876
9;-0.97968082;46.11102474;oui;64871.79487;0;2564.102564;15.63;78;2018;fort;9_pc_2018;PC;NA;NA;NA;NA;5;NA;NA;NA;NA;NA;NA;NA;NA;NA;67435.89744;67435.89744;0.038022814;0
10;-0.93858139;46.1054068;non;43947.36842;2105.263158;13421.05263;6.22;76;2018;fort;10_pc_2018;PC;NA;NA;NA;NA;5;NA;NA;NA;NA;NA;NA;NA;NA;NA;59473.68421;57368.42105;0.225663717;0.03539823
11;-0.93942328;46.10610563;oui;540.5405405;15945.94595;37027.02703;0.91;74;2018;fort;11_pc_2018;PC;NA;NA;NA;NA;5;NA;NA;NA;NA;NA;NA;NA;NA;NA;53513.51351;37567.56757;0.691919192;0.297979798
12;-0.90157102;46.100111;oui;21025.64103;4615.384615;9487.179487;12.96;78;2018;fort;12_pc_2018;PC;NA;NA;NA;NA;5;NA;NA;NA;NA;NA;NA;NA;NA;NA;35128.20513;30512.82051;0.270072993;0.131386861
13;-0.86804134;46.10089041;non;39285.71429;6785.714286;24285.71429;7.39;56;2018;faible;13_pc_2018;PC;NA;NA;NA;NA;5;NA;NA;NA;NA;NA;NA;NA;NA;NA;70357.14286;63571.42857;0.345177665;0.096446701
14;-0.86432362;46.09851258;oui;30937.5;3750;4375;5.55;64;2018;fort;14_pc_2018;PC;NA;NA;NA;NA;5;NA;NA;NA;NA;NA;NA;NA;NA;NA;39062.5;35312.5;0.112;0.096
15;-0.81850284;46.10187936;oui;44126.98413;0;1904.761905;19.22;63;2018;faible;15_pc_2018;PC;NA;NA;NA;NA;5;NA;NA;NA;NA;NA;NA;NA;NA;NA;46031.74603;46031.74603;0.04137931;0
16;-0.85973013;46.09819375;oui;29000;0;16666.66667;7.27;60;2018;fort;16_pc_2018;PC;NA;NA;NA;NA;5;NA;NA;NA;NA;NA;NA;NA;NA;NA;45666.66667;45666.66667;0.364963504;0
17;-0.85411048;46.09880327;oui;34333.33333;2333.333333;24333.33333;3;60;2018;fort;17_pc_2018;PC;NA;NA;NA;NA;5;NA;NA;NA;NA;NA;NA;NA;NA;NA;61000;58666.66667;0.398907104;0.038251366
18;-0.84961315;46.09955097;oui;27297.2973;1081.081081;11621.62162;10;74;2018;faible;18_pc_2018;PC;NA;NA;NA;NA;5;NA;NA;NA;NA;NA;NA;NA;NA;NA;40000;38918.91892;0.290540541;0.027027027
19;-0.81522118;46.09448644;non;13770.4918;1967.213115;46229.5082;1.15;61;2018;faible;19_pc_2018;PC;NA;NA;NA;NA;5;NA;NA;NA;NA;NA;NA;NA;NA;NA;61967.21311;60000;0.746031746;0.031746032
20;-0.80560758;46.09499221;oui;50843.37349;0;0;11.03;83;2018;fort;20_pc_2018;PC;NA;NA;NA;NA;5;NA;NA;NA;NA;NA;NA;NA;NA;NA;50843.37349;50843.37349;0;0
21;-0.79552693;46.09612626;non;51000;333.3333333;8333.333333;6.39;60;2018;faible;21_pc_2018;PC;NA;NA;NA;NA;5;NA;NA;NA;NA;NA;NA;NA;NA;NA;59666.66667;59333.33333;0.139664804;0.005586592
22;-0.75319617;46.08227665;oui;16875;0;9375;4.43;64;2018;faible;22_pc_2018;PC;NA;NA;NA;NA;5;NA;NA;NA;NA;NA;NA;NA;NA;NA;26250;26250;0.357142857;0
23;-0.75303183;46.08432832;non;31111.11111;444.4444444;15555.55556;1.85;45;2018;faible;23_pc_2018;PC;NA;NA;NA;NA;5;NA;NA;NA;NA;NA;NA;NA;NA;NA;47111.11111;46666.66667;0.330188679;0.009433962
24;-0.7552766;46.03538969;oui;45945.94595;0;5135.135135;1.98;74;2018;faible;24_pc_2018;PC;NA;NA;NA;NA;5;NA;NA;NA;NA;NA;NA;NA;NA;NA;51081.08108;51081.08108;0.100529101;0
25;-0.58660761;45.98706961;oui;40857.14286;14857.14286;5142.857143;6.86;70;2018;fort;25_pc_2018;PC;NA;NA;NA;NA;5;NA;NA;NA;NA;NA;NA;NA;NA;NA;60857.14286;46000;0.084507042;0.244131455
26;-0.58735397;46.01421206;oui;769.2307692;6153.846154;34230.76923;4.93;52;2018;fort;26_pc_2018;PC;NA;NA;NA;NA;5;NA;NA;NA;NA;NA;NA;NA;NA;NA;41153.84615;35000;0.831775701;0.14953271
27;-0.6448621;46.08941146;oui;76666.66667;0;2666.666667;41.7;60;2018;fort;27_pc_2018;PC;NA;NA;NA;NA;5;NA;NA;NA;NA;NA;NA;NA;NA;NA;79333.33333;79333.33333;0.033613445;0
28;-0.68224403;46.14790464;non;4594.594595;25405.40541;26486.48649;9;74;2018;fort;28_pc_2018;PC;NA;NA;NA;NA;5;NA;NA;NA;NA;NA;NA;NA;NA;NA;56486.48649;31081.08108;0.468899522;0.449760766
29;-1.08358148;46.13080554;non;0;10810.81081;57837.83784;9.02;74;2018;fort;29_pc_2018;PC;NA;NA;NA;NA;5;NA;NA;NA;NA;NA;NA;NA;NA;NA;68648.64865;57837.83784;0.842519685;0.157480315
30;-0.97393313;46.10843815;oui;0;11714.28571;33142.85714;2.13;70;2018;fort;30_pc_2018;PC;NA;NA;NA;NA;5;NA;NA;NA;NA;NA;NA;NA;NA;NA;44857.14286;33142.85714;0.738853503;0.261146497
31;-0.82488932;46.09386917;oui;54000;4666.666667;2666.666667;3.2;60;2018;faible;31_pc_2018;PC;NA;NA;NA;NA;5;NA;NA;NA;NA;NA;NA;NA;NA;NA;61333.33333;56666.66667;0.043478261;0.076086957
32;-0.34429114;46.12159957;oui;2702.702703;10270.27027;32702.7027;6.1;74;2018;fort;32_pc_2018;PC;NA;NA;NA;NA;5;NA;NA;NA;NA;NA;NA;NA;NA;NA;45675.67568;35405.40541;0.715976331;0.224852071
33;-0.32708352;46.12553012;non;21500;13250;11500;4.9;80;2018;fort;33_pc_2018;PC;NA;NA;NA;NA;5;NA;NA;NA;NA;NA;NA;NA;NA;NA;46250;33000;0.248648649;0.286486486
34;-0.32678601;46.12620071;non;49041.09589;4657.534247;8767.123288;8.46;73;2018;Na;34_pc_2018;PC;NA;NA;NA;NA;5;NA;NA;NA;NA;NA;NA;NA;NA;NA;62465.75342;57808.21918;0.140350877;0.074561404
35;-0.34726499;46.14334176;non;49062.5;7812.5;3750;3;64;2018;faible;35_pc_2018;PC;NA;NA;NA;NA;5;NA;NA;NA;NA;NA;NA;NA;NA;NA;60625;52812.5;0.06185567;0.128865979
36;-0.34926855;46.15179489;non;3142.857143;9428.571429;45714.28571;1.08;70;2018;fort;36_pc_2018;PC;NA;NA;NA;NA;5;NA;NA;NA;NA;NA;NA;NA;NA;NA;58285.71429;48857.14286;0.784313725;0.161764706
37;-0.36501095;46.17122368;non;8571.428571;19142.85714;24571.42857;2.16;70;2018;faible;37_pc_2018;PC;NA;NA;NA;NA;5;NA;NA;NA;NA;NA;NA;NA;NA;NA;52285.71429;33142.85714;0.469945355;0.366120219
38;-0.36631878;46.17556177;oui;50000;0;4375;10;64;2018;faible;38_pc_2018;PC;NA;NA;NA;NA;5;NA;NA;NA;NA;NA;NA;NA;NA;NA;54375;54375;0.08045977;0
39;-0.35817379;46.18381895;oui;80615.38462;0;4000;9.83;65;2018;fort;39_pc_2018;PC;NA;NA;NA;NA;5;NA;NA;NA;NA;NA;NA;NA;NA;NA;84615.38462;84615.38462;0.047272727;0
40;-0.35347142;46.18891591;oui;53164.55696;0;9113.924051;10.2;79;2018;fort;40_pc_2018;PC;NA;NA;NA;NA;5;NA;NA;NA;NA;NA;NA;NA;NA;NA;62278.48101;62278.48101;0.146341463;0
41;-0.3740587;46.19206461;non;30270.27027;540.5405405;14594.59459;18.02;74;2018;faible;41_pc_2018;PC;NA;NA;NA;NA;5;NA;NA;NA;NA;NA;NA;NA;NA;NA;45405.40541;44864.86486;0.321428571;0.011904762
42;-0.50225594;46.16606642;non;67666.66667;1333.333333;11666.66667;2.09;60;2018;faible;44_pc_2018;PC;NA;NA;NA;NA;5;NA;NA;NA;NA;NA;NA;NA;NA;NA;80666.66667;79333.33333;0.144628099;0.016528926
43;-0.49493861;46.17301271;non;60000;0;9000;1.68;60;2018;faible;45_pc_2018;PC;NA;NA;NA;NA;5;NA;NA;NA;NA;NA;NA;NA;NA;NA;69000;69000;0.130434783;0
44;-0.43156292;46.23120482;oui;5000;3666.666667;25333.33333;2.63;60;2018;fort;48_pc_2018;PC;NA;NA;NA;NA;5;NA;NA;NA;NA;NA;NA;NA;NA;NA;34000;30333.33333;0.745098039;0.107843137
45;-0.39588877;46.21941356;oui;48000;1666.666667;4000;14.59;60;2018;faible;49_pc_2018;PC;NA;NA;NA;NA;5;NA;NA;NA;NA;NA;NA;NA;NA;NA;53666.66667;52000;0.074534161;0.031055901
46;0.591461705;43.93290259;NA;56800;4800;10000;11.2;50;2019;NA;91_Gers_2019;GERS;faible_pression;23;;limoneux.argileux;5;13/05/2019;Taupins;C;NA;NA;NA;NA;NA;8.695652174;71600;66800;0.139664804;0.067039106
47;-0.45887844;46.43606724;NA;48095.2381;0;0;NA;60;2019;NA;68_PC_2019;PC;faible_pression;19;;inconnue;7;09/05/2019;Non;NA;NA;NA;NA;NA;NA;8.771929825;48095.2381;48095.2381;0;0
48;-0.99754408;46.17403402;NA;1282.051282;12051.28205;30256.41026;NA;78;2019;NA;64_PC_2019;PC;faible_pression;20;;inconnue;5;09/05/2019;Non;NA;NA;NA;NA;NA;NA;6.41025641;43589.74359;31538.46154;0.694117647;0.276470588
49;0.95371587;43.56148295;NA;26000;4333.333333;17666.66667;12.7;60;2019;NA;130_Gers_2019;GERS;faible_pression;NA;;argilo_calcaire;5;27/05/2019;Limaces;B;NA;NA;NA;NA;NA;NA;48000;43666.66667;0.368055556;0.090277778
50;-0.47266098;46.42278991;NA;35476.19048;3333.333333;37619.04762;NA;60;2019;NA;57_PC_2019;PC;faible_pression;20;;inconnue;7;09/05/2019;Non;NA;NA;NA;NA;NA;NA;8.333333333;76428.57143;73095.2381;0.492211838;0.043613707
51;-1.04271463;46.19317823;NA;51875;1875;5625;NA;64;2019;NA;36_PC_2019;PC;faible_pression;23;;inconnue;5;06/05/2019;Non;NA;NA;NA;NA;NA;NA;6.793478261;59375;57500;0.094736842;0.031578947
52;0.92588338;43.58491838;NA;1090.909091;18181.81818;32000;2.77;55;2019;NA;129_Gers_2019;GERS;faible_pression;NA;;argilo_calcaire;5;27/05/2019;Limaces;B;NA;NA;NA;NA;NA;NA;51272.72727;33090.90909;0.624113475;0.354609929
53;0.940269104;43.57320394;NA;36333.33333;8000;5333.333333;1.41;60;2019;NA;121_Gers_2019;GERS;faible_pression;25;confection_manuelle;argilo_calcaire;5;22/05/2019;Limaces;B;NA;NA;NA;NA;NA;6.666666667;49666.66667;41666.66667;0.10738255;0.161073826
54;-0.52165499;46.10023858;NA;56363.63636;1038.961039;8311.688312;NA;77;2019;NA;76_PC_2019;PC;faible_pression;13;;inconnue;5;09/05/2019;Non;NA;NA;NA;NA;NA;NA;9.99000999;65714.28571;64675.32468;0.126482213;0.015810277
55;-0.77047001;46.23782505;NA;63513.51351;0;7837.837838;NA;74;2019;NA;99_PC_2019;PC;faible_pression;20;;inconnue;5;14/05/2019;Non;NA;NA;NA;NA;NA;NA;6.756756757;71351.35135;71351.35135;0.109848485;0
56;-0.77876822;46.13357343;NA;56712.32877;0;273.9726027;NA;73;2019;NA;18_PC_2019;PC;faible_pression;25;canon_gaz.confection_manuelle.Ballon_cerfs_volants;inconnue;5;24/04/2019;Non;NA;NA;NA;NA;NA;NA;5.479452055;56986.30137;56986.30137;0.004807692;0
57;0.752801081;43.74394978;NA;3750;500;25000;20.2;80;2019;NA;133_Gers_2019;GERS;faible_pression;NA;canon_gaz;argilo_calcaire;5;29/05/2019;Limaces;A;NA;NA;NA;NA;NA;NA;29250;28750;0.854700855;0.017094017
58;-0.54396182;46.22571345;NA;59354.83871;1612.903226;2903.225806;NA;62;2019;NA;14_PC_2019;PC;faible_pression;26;;inconnue;5;24/04/2019;Non;NA;NA;NA;NA;NA;NA;6.203473945;63870.96774;62258.06452;0.045454545;0.025252525
59;-0.55536816;46.08924822;NA;59333.33333;4000;6333.333333;NA;60;2019;NA;69_PC_2019;PC;faible_pression;20;;inconnue;5;09/05/2019;Non;NA;NA;NA;NA;NA;NA;8.333333333;69666.66667;65666.66667;0.090909091;0.057416268
60;0.445870142;43.94532847;NA;27000;3000;12333.33333;2.1;60;2019;NA;95_Gers_2019;GERS;faible_pression;24;;limoneux.argileux;5;13/05/2019;Taupins;C;NA;NA;NA;NA;NA;6.944444444;42333.33333;39333.33333;0.291338583;0.070866142
61;-1.00311873;46.17698348;NA;15238.09524;380.952381;33714.28571;NA;75;2019;NA;20_PC_2019;PC;faible_pression;16;;inconnue;7;25/04/2019;Non;NA;NA;NA;NA;NA;NA;8.333333333;49333.33333;48952.38095;0.683397683;0.007722008
62;0.640896545;43.74366734;NA;11666.66667;10666.66667;27333.33333;8.82;60;2019;NA;31_Gers_2019;GERS;faible_pression;NA;;argilo_calcaire;5;02/05/2019;Limaces.Taupins;A;NA;NA;NA;NA;NA;NA;49666.66667;39000;0.55033557;0.214765101
63;-1.02778426;46.18210237;NA;45454.54545;606.0606061;11212.12121;NA;66;2019;NA;38_PC_2019;PC;faible_pression;19;confection_manuelle;inconnue;5;06/05/2019;Non;NA;NA;NA;NA;NA;NA;7.974481659;57272.72727;56666.66667;0.195767196;0.010582011
64;0.937245466;43.57293581;NA;42153.84615;7692.307692;2461.538462;8.57;65;2019;NA;119_Gers_2019;GERS;faible_pression;25;confection_manuelle;argilo_calcaire;5;22/05/2019;Limaces;B;NA;NA;NA;NA;NA;6.153846154;52307.69231;44615.38462;0.047058824;0.147058824
65;0.664349318;43.74616424;NA;13666.66667;3666.666667;36000;0.79;60;2019;NA;101_Gers_2019;GERS;faible_pression;NA;;argilo_calcaire;5;21/05/2019;Limaces;A;NA;NA;NA;NA;NA;NA;53333.33333;49666.66667;0.675;0.06875
66;-0.50127125;46.15250449;NA;53636.36364;2424.242424;14848.48485;NA;66;2019;NA;74_PC_2019;PC;faible_pression;20;;inconnue;5;09/05/2019;Non;NA;NA;NA;NA;NA;NA;7.575757576;70909.09091;68484.84848;0.209401709;0.034188034
67;0.900885834;43.60399696;NA;1000;10666.66667;43000;1.73;60;2019;NA;33_Gers_2019;GERS;faible_pression;NA;;argilo_calcaire;5;06/05/2019;Limaces;B;NA;NA;NA;NA;NA;NA;54666.66667;44000;0.786585366;0.195121951
68;0.511016054;43.96616827;NA;61333.33333;333.3333333;17666.66667;8.79;60;2019;NA;86_Gers_2019;GERS;faible_pression;20;;Limono argiluex;5;13/05/2019;Taupins;C;NA;NA;NA;NA;NA;8.333333333;79333.33333;79000;0.222689076;0.004201681
69;-0.70507933;46.25320679;NA;58000;0;5428.571429;NA;70;2019;NA;56_PC_2019;PC;faible_pression;20;;inconnue;5;09/05/2019;Non;NA;NA;NA;NA;NA;NA;7.142857143;63428.57143;63428.57143;0.085585586;0
70;-1.04079344;46.17618281;NA;30571.42857;7428.571429;20000;NA;70;2019;NA;47_PC_2019;PC;faible_pression;20;;inconnue;5;06/05/2019;Non;NA;NA;NA;NA;NA;NA;7.142857143;58000;50571.42857;0.344827586;0.128078818
71;-0.91792033;46.10228438;NA;7368.421053;26578.94737;33157.89474;NA;76;2019;NA;50_PC_2019;PC;faible_pression;25;;inconnue;5;09/05/2019;Non;NA;NA;NA;NA;NA;NA;5.263157895;67105.26316;40526.31579;0.494117647;0.396078431
72;-0.54059899;46.22478181;NA;40666.66667;0;26000;NA;60;2019;NA;12_PC_2019;PC;faible_pression;28;;inconnue;5;24/04/2019;Non;NA;NA;NA;NA;NA;NA;5.952380952;66666.66667;66666.66667;0.39;0
73;-0.55451341;46.09253582;NA;36000;952.3809524;9142.857143;NA;75;2019;NA;70_PC_2019;PC;faible_pression;17;;inconnue;7;09/05/2019;Non;NA;NA;NA;NA;NA;NA;7.843137255;46095.2381;45142.85714;0.198347107;0.020661157
74;-0.58800775;46.17899511;NA;43750;0;22991.07143;NA;64;2019;NA;78_PC_2019;PC;forte_pression;22;;inconnue;7;09/05/2019;Non;NA;NA;NA;NA;NA;NA;7.102272727;66741.07143;66741.07143;0.344481605;0
75;0.394136198;43.63027465;NA;31000;333.3333333;22000;2.1;60;2019;NA;110_Gers_2019;GERS;faible_pression;25;;argile limoneu;5;22/05/2019;Non;D;NA;NA;NA;NA;NA;6.666666667;53333.33333;53000;0.4125;0.00625
76;-0.70530294;46.25331403;NA;55714.28571;1428.571429;3428.571429;NA;70;2019;NA;55_PC_2019;PC;faible_pression;19;;inconnue;5;09/05/2019;Non;NA;NA;NA;NA;NA;NA;7.518796992;60571.42857;59142.85714;0.056603774;0.023584906
77;-0.50619697;46.15048282;NA;45600;5333.333333;6933.333333;NA;75;2019;NA;73_PC_2019;PC;faible_pression;23;confection_manuelle;inconnue;5;09/05/2019;Non;NA;NA;NA;NA;NA;NA;5.797101449;57866.66667;52533.33333;0.119815668;0.092165899
78;-0.60711582;46.17883233;NA;6333.333333;2666.666667;46000;NA;60;2019;NA;82_PC_2019;PC;faible_pression;22;;inconnue;5;09/05/2019;Non;NA;NA;NA;NA;NA;NA;7.575757576;55000;52333.33333;0.836363636;0.048484848
79;-0.76705466;46.1336822;NA;47142.85714;3571.428571;20714.28571;NA;56;2019;NA;19_PC_2019;PC;faible_pression;25;canon_gaz.confection_manuelle.Ballon_cerfs_volants;inconnue;5;24/04/2019;Non;NA;NA;NA;NA;NA;NA;7.142857143;71428.57143;67857.14286;0.29;0.05
80;0.703642985;43.75684914;NA;34750;3500;5750;31.6;80;2019;NA;132_Gers_2019;GERS;faible_pression;NA;canon_gaz;argilo_calcaire;5;29/05/2019;Limaces;A;NA;NA;NA;NA;NA;NA;44000;40500;0.130681818;0.079545455
81;-0.4645215;46.42083277;NA;37307.69231;0;18461.53846;NA;65;2019;NA;60_PC_2019;PC;faible_pression;21;;inconnue;8;09/05/2019;Non;NA;NA;NA;NA;NA;NA;7.326007326;55769.23077;55769.23077;0.331034483;0
82;0.663045503;43.74774738;NA;16363.63636;1454.545455;17090.90909;1.97;55;2019;NA;103_Gers_2019;GERS;faible_pression;NA;;argilo_calcaire;5;21/05/2019;Limaces.Taupins;A;NA;NA;NA;NA;NA;NA;34909.09091;33454.54545;0.489583333;0.041666667
83;0.725513588;43.74937138;NA;22142.85714;12380.95238;19285.71429;33;60;2019;NA;23_Gers_2019;GERS;faible_pression;27;;argilo_calcaire;7;26/04/2019;Limaces.Taupins;A;NA;NA;NA;NA;NA;6.172839506;53809.52381;41428.57143;0.35840708;0.230088496
84;-0.77224801;46.22947213;NA;64285.71429;0;11904.7619;NA;70;2019;NA;98_PC_2019;PC;faible_pression;20;;inconnue;6;14/05/2019;Non;NA;NA;NA;NA;NA;NA;7.142857143;76190.47619;76190.47619;0.15625;0
85;1.006454828;43.51185397;NA;25500;1500;12000;6.86;80;2019;NA;122_Gers_2019;GERS;faible_pression;NA;;Boulbene ;5;23/05/2019;Lievres.Limaces;B;NA;NA;NA;NA;NA;NA;39000;37500;0.307692308;0.038461538
86;0.563691119;43.93035818;NA;47333.33333;4333.333333;9666.666667;10.3;60;2019;NA;90_Gers_2019;GERS;faible_pression;23;;argilo_calcaire;5;13/05/2019;Taupins;C;NA;NA;NA;NA;NA;7.246376812;61333.33333;57000;0.157608696;0.070652174
87;-1.04347302;46.17675844;NA;10724.63768;8695.652174;37681.15942;NA;69;2019;NA;48_PC_2019;PC;faible_pression;20;canon_gaz;inconnue;5;06/05/2019;Non;NA;NA;NA;NA;NA;NA;7.246376812;57101.44928;48405.7971;0.659898477;0.152284264
88;-0.50029351;46.13274374;NA;16017.31602;13419.91342;8008.658009;NA;66;2019;NA;75_PC_2019;PC;faible_pression;22;Ballon_cerfs_volants;inconnue;7;09/05/2019;Non;NA;NA;NA;NA;NA;NA;6.887052342;37445.88745;24025.97403;0.213872832;0.358381503
89;0.467568208;43.97801206;NA;57666.66667;2333.333333;4000;10.8;60;2019;NA;107_Gers_2019;GERS;faible_pression;23;;argilo_calcaire;5;22/05/2019;Lievres;C;NA;NA;NA;NA;NA;7.246376812;64000;61666.66667;0.0625;0.036458333
90;0.417162459;43.9715976;NA;126666.6667;0;16666.66667;1.1;30;2019;NA;108_Gers_2019;GERS;forte_pression;17;;argilo_calcaire;5;22/05/2019;Non;C;NA;NA;NA;NA;NA;19.60784314;143333.3333;143333.3333;0.11627907;0
91;-0.53147601;46.11477994;NA;3289.473684;1973.684211;54605.26316;NA;76;2019;NA;77_PC_2019;PC;faible_pression;25;;inconnue;6;09/05/2019;Non;NA;NA;NA;NA;NA;NA;5.263157895;59868.42105;57894.73684;0.912087912;0.032967033
92;-0.84714053;46.14399072;NA;63214.28571;1785.714286;18928.57143;NA;56;2019;NA;54_PC_2019;PC;faible_pression;20;;inconnue;5;09/05/2019;Non;NA;NA;NA;NA;NA;NA;8.928571429;83928.57143;82142.85714;0.225531915;0.021276596
93;-1.03958416;46.18947386;NA;33333.33333;3809.52381;24444.44444;NA;63;2019;NA;37_PC_2019;PC;faible_pression;21;;inconnue;5;06/05/2019;Non;NA;NA;NA;NA;NA;NA;7.558578987;61587.30159;57777.77778;0.396907216;0.06185567
94;-0.91766076;46.10244794;NA;12571.42857;2000;56285.71429;NA;70;2019;NA;49_PC_2019;PC;faible_pression;20;;inconnue;5;09/05/2019;Non;NA;NA;NA;NA;NA;NA;7.142857143;70857.14286;68857.14286;0.794354839;0.028225806
95;0.331310732;43.7349326;NA;9333.333333;2666.666667;29666.66667;3.78;60;2019;NA;115_Gers_2019;GERS;faible_pression;17;;argilo_calcaire;5;22/05/2019;Limaces;D;NA;NA;NA;NA;NA;9.803921569;41666.66667;39000;0.712;0.064
96;-1.03825357;46.17551252;NA;16417.91045;9850.746269;26268.65672;NA;67;2019;NA;65_PC_2019;PC;faible_pression;25;;inconnue;5;09/05/2019;Non;NA;NA;NA;NA;NA;NA;5.970149254;52537.31343;42686.56716;0.5;0.1875
97;0.357618257;43.67939126;NA;54000;1250;6000;4.19;80;2019;NA;113_Gers_2019;GERS;forte_pression;15;;argilo_calcaire;5;22/05/2019;Non;D;NA;NA;NA;NA;NA;8.333333333;61250;60000;0.097959184;0.020408163
98;-0.45914346;46.43521737;NA;42943.54839;3225.806452;11895.16129;NA;62;2019;NA;67_PC_2019;PC;faible_pression;20;canon_gaz.confection_manuelle;inconnue;8;09/05/2019;Non;NA;NA;NA;NA;NA;NA;8.064516129;58064.51613;54838.70968;0.204861111;0.055555556
99;0.904877602;43.60434948;NA;41666.66667;8055.555556;9722.222222;37.3;60;2019;NA;128_Gers_2019;GERS;faible_pression;NA;;argilo_calcaire;6;27/05/2019;Limaces;B;NA;NA;NA;NA;NA;NA;59444.44444;51388.88889;0.163551402;0.135514019
100;-0.78493497;46.13409725;NA;66666.66667;0;0;NA;60;2019;NA;41_PC_2019;PC;faible_pression;24;;inconnue;5;06/05/2019;Non;NA;NA;NA;NA;NA;NA;6.944444444;66666.66667;66666.66667;0;0
101;0.991142149;43.53478901;NA;35636.36364;0;20363.63636;11.9;55;2019;NA;127_Gers_2019;GERS;faible_pression;NA;;argilo_calcaire;5;24/05/2019;Limaces;B;NA;NA;NA;NA;NA;NA;56000;56000;0.363636364;0
102;0.3479203;43.6392531;NA;15272.72727;10545.45455;32363.63636;8.9;55;2019;NA;109_Gers_2019;GERS;faible_pression;23;;argilo_calcaire;5;22/05/2019;Non;D;NA;NA;NA;NA;NA;7.90513834;58181.81818;47636.36364;0.55625;0.18125
103;0.933749363;43.57608162;NA;13750;6000;25500;4.22;80;2019;NA;120_Gers_2019;GERS;forte_pression;20;;sableux;5;22/05/2019;Limaces;B;NA;NA;NA;NA;NA;6.25;45250;39250;0.563535912;0.132596685
104;0.366335018;43.6760403;NA;51333.33333;3333.333333;666.6666667;1.15;60;2019;NA;112_Gers_2019;GERS;faible_pression;23;;argile limoneux;5;22/05/2019;Non;D;NA;NA;NA;NA;NA;7.246376812;55333.33333;52000;0.012048193;0.060240964
105;0.462884316;43.9461667;NA;50000;666.6666667;2333.333333;16.7;60;2019;NA;93_Gers_2019;GERS;faible_pression;20;;argileux.limoneux;5;13/05/2019;Taupins;C;NA;NA;NA;NA;NA;8.333333333;53000;52333.33333;0.044025157;0.012578616
106;0.778880651;43.74055474;NA;54000;1333.333333;5333.333333;18.3;60;2019;NA;135_Gers_2019;GERS;faible_pression;NA;;argilo_calcaire;5;29/05/2019;Limaces;A;NA;NA;NA;NA;NA;NA;60666.66667;59333.33333;0.087912088;0.021978022
107;0.934785795;43.57414075;NA;47600;4800;7600;12.6;50;2019;NA;118_Gers_2019;GERS;forte_pression;25;;argilo_calcaire;5;22/05/2019;Limaces.Taupins;B;NA;NA;NA;NA;NA;8;60000;55200;0.126666667;0.08
108;0.638257363;43.7419613;NA;24561.40351;4210.526316;9473.684211;11.2;57;2019;NA;30_Gers_2019;GERS;faible_pression;NA;;argilo_calcaire;5;02/05/2019;Limaces.Lievres.Taupins;A;NA;NA;NA;NA;NA;NA;38245.61404;34035.08772;0.247706422;0.110091743
109;-0.59875756;46.17568806;NA;49295.77465;0;7570.422535;NA;71;2019;NA;81_PC_2019;PC;forte_pression;20;;inconnue;8;09/05/2019;Non;NA;NA;NA;NA;NA;NA;7.042253521;56866.19718;56866.19718;0.133126935;0
110;-0.60757816;46.178469;NA;54722.22222;0;17777.77778;NA;60;2019;NA;83_PC_2019;PC;faible_pression;22;;inconnue;6;09/05/2019;Non;NA;NA;NA;NA;NA;NA;7.575757576;72500;72500;0.245210728;0
111;0.971803924;43.55471512;NA;59666.66667;0;1333.333333;16.8;60;2019;NA;131_Gers_2019;GERS;faible_pression;NA;;argilo_calcaire;5;27/05/2019;Limaces;B;NA;NA;NA;NA;NA;NA;61000;61000;0.021857923;0
112;0.976873404;43.54535554;NA;28888.88889;3809.52381;23174.60317;1.44;63;2019;NA;35_Gers_2019;GERS;faible_pression;NA;;argilo_calcaire;5;06/05/2019;Limaces;B;NA;NA;NA;NA;NA;NA;55873.01587;52063.49206;0.414772727;0.068181818
113;0.478607258;43.97792942;NA;32333.33333;2333.333333;15666.66667;7.1;60;2019;NA;105_Gers_2019;GERS;forte_pression;23;;sableux;5;22/05/2019;Lievres;C;NA;NA;NA;NA;NA;7.246376812;50333.33333;48000;0.311258278;0.046357616
114;0.393223241;43.64057764;NA;44615.38462;2769.230769;3692.307692;0.76;65;2019;NA;111_Gers_2019;GERS;faible_pression;23;canon_gaz.confection_manuelle;limoneux;5;22/05/2019;Taupins;D;NA;NA;NA;NA;NA;6.688963211;51076.92308;48307.69231;0.072289157;0.054216867
115;0.557538969;43.93232776;NA;76400;0;3600;1.25;50;2019;NA;88_Gers_2019;GERS;faible_pression;22;;Limono argileux;5;13/05/2019;Non;C;NA;NA;NA;NA;NA;9.090909091;80000;80000;0.045;0
116;0.674883775;43.74595524;NA;36226.41509;7169.811321;21132.07547;1.97;53;2019;NA;104_Gers_2019;GERS;faible_pression;NA;confection_manuelle;argilo_calcaire;5;21/05/2019;Limaces;A;NA;NA;NA;NA;NA;NA;64528.30189;57358.49057;0.32748538;0.111111111
117;0.924628976;43.58409119;NA;29333.33333;3333.333333;30000;5.11;60;2019;NA;117_Gers_2019;GERS;faible_pression;20;;argilo_calcaire;5;22/05/2019;Limaces;B;NA;NA;NA;NA;NA;8.333333333;62666.66667;59333.33333;0.478723404;0.053191489
118;-0.84833679;46.14392017;NA;52000;3666.666667;17000;NA;60;2019;NA;43_PC_2019;PC;forte_pression;22;;inconnue;5;06/05/2019;Non;NA;NA;NA;NA;NA;NA;7.575757576;72666.66667;69000;0.233944954;0.050458716
119;-0.47218992;46.42275625;NA;42165.89862;2534.562212;46543.7788;NA;62;2019;NA;58_PC_2019;PC;forte_pression;23;;inconnue;7;09/05/2019;Non;NA;NA;NA;NA;NA;NA;7.012622721;91244.23963;88709.67742;0.51010101;0.027777778
120;-0.88472262;46.16948125;NA;47333.33333;9333.333333;4666.666667;NA;60;2019;NA;45_PC_2019;PC;faible_pression;22;confection_manuelle;inconnue;5;06/05/2019;Non;NA;NA;NA;NA;NA;NA;7.575757576;61333.33333;52000;0.076086957;0.152173913
121;0.903188475;43.60279742;NA;0;6333.333333;40666.66667;0.7;60;2019;NA;34_Gers_2019;GERS;faible_pression;NA;;argilo_calcaire;5;06/05/2019;Limaces;B;NA;NA;NA;NA;NA;NA;47000;40666.66667;0.865248227;0.134751773
122;0.342148114;43.68365957;NA;38500;8750;12250;8.44;80;2019;NA;106_Gers_2019;GERS;faible_pression;15;canon_gaz.confection_manuelle;argilo_calcaire;5;22/05/2019;Non;D;NA;NA;NA;NA;NA;8.333333333;59500;50750;0.205882353;0.147058824
123;0.999478722;43.51573545;NA;13650.79365;2857.142857;27619.04762;4;63;2019;NA;123_Gers_2019;GERS;faible_pression;NA;;Boulbene;5;23/05/2019;Lievres.Limaces;B;NA;NA;NA;NA;NA;NA;44126.98413;41269.84127;0.625899281;0.064748201
124;-0.76823633;46.13342516;NA;64333.33333;2000;4333.333333;NA;60;2019;NA;39_PC_2019;PC;faible_pression;22;confection_manuelle;inconnue;5;06/05/2019;Non;NA;NA;NA;NA;NA;NA;7.575757576;70666.66667;68666.66667;0.061320755;0.028301887
125;-0.7807415;46.13343389;NA;71666.66667;0;333.3333333;NA;60;2019;NA;40_PC_2019;PC;faible_pression;21;;inconnue;5;06/05/2019;Non;NA;NA;NA;NA;NA;NA;7.936507937;72000;72000;0.00462963;0
126;0.555034289;43.9339075;NA;52800;14400;6000;8.58;50;2019;NA;87_Gers_2019;GERS;faible_pression;25;;Limono argileux ;5;13/05/2019;Non;C;NA;NA;NA;NA;NA;8;73200;58800;0.081967213;0.196721311
127;-0.54192787;46.22506189;NA;78000;0;5333.333333;NA;60;2019;NA;13_PC_2019;PC;faible_pression;27;;inconnue;5;24/04/2019;Non;NA;NA;NA;NA;NA;NA;6.172839506;83333.33333;83333.33333;0.064;0
128;0.765691208;43.74225979;NA;38666.66667;0;6333.333333;28.7;60;2019;NA;134_Gers_2019;GERS;forte_pression;NA;;argilo_calcaire;5;29/05/2019;Limaces;A;NA;NA;NA;NA;NA;NA;45000;45000;0.140740741;0
129;-0.59483308;46.17499986;NA;54945.05495;1098.901099;15164.83516;NA;65;2019;NA;79_PC_2019;PC;faible_pression;27;;inconnue;7;09/05/2019;Non;NA;NA;NA;NA;NA;NA;5.698005698;71208.79121;70109.89011;0.212962963;0.015432099
130;0.498176906;44.13089651;NA;13500;6000;30250;8.52;80;2019;NA;26_Gers_2019;GERS;faible_pression;18;Ballon_cerfs_volants;argilo_calcaire;5;29/04/2019;Non;C;NA;NA;NA;NA;NA;6.944444444;49750;43750;0.608040201;0.120603015
131;-0.65542905;46.18730349;NA;63750;5625;3125;NA;64;2019;NA;84_PC_2019;PC;faible_pression;30;canon_gaz;inconnue;5;09/05/2019;Non;NA;NA;NA;NA;NA;NA;5.208333333;72500;66875;0.043103448;0.077586207
132;0.994912852;43.51652276;NA;10000;1666.666667;18333.33333;4.96;60;2019;NA;126_Gers_2019;GERS;faible_pression;NA;;Boulbene;5;24/05/2019;Limaces;B;NA;NA;NA;NA;NA;NA;30000;28333.33333;0.611111111;0.055555556
133;-0.78502702;46.13411324;NA;52878.46482;0;5756.929638;NA;67;2019;NA;17_PC_2019;PC;faible_pression;30;canon_gaz.Ballon_cerfs_volants;inconnue;7;24/04/2019;Non;NA;NA;NA;NA;NA;NA;4.975124378;58635.39446;58635.39446;0.098181818;0
134;0.415482391;43.95062357;NA;55000;0;6000;9.74;60;2019;NA;97_Gers_2019;GERS;faible_pression;25;;limoneux.argileux;5;13/05/2019;Non;C;NA;NA;NA;NA;NA;6.666666667;61000;61000;0.098360656;0
135;-0.66396229;46.24832275;NA;57570.42254;4753.521127;6161.971831;NA;71;2019;NA;85_PC_2019;PC;forte_pression;20;canon_gaz;inconnue;8;09/05/2019;Non;NA;NA;NA;NA;NA;NA;7.042253521;68485.91549;63732.39437;0.089974293;0.06940874
136;0.416382859;43.95062939;NA;57666.66667;1666.666667;4000;8.69;60;2019;NA;96_Gers_2019;GERS;forte_pression;23;;limoneux.argileux;5;13/05/2019;Non;C;NA;NA;NA;NA;NA;7.246376812;63333.33333;61666.66667;0.063157895;0.026315789
137;-0.46716911;46.4210225;NA;41244.23963;460.8294931;25115.20737;NA;62;2019;NA;59_PC_2019;PC;faible_pression;20;confection_manuelle;inconnue;7;09/05/2019;Non;NA;NA;NA;NA;NA;NA;8.064516129;66820.2765;66359.447;0.375862069;0.006896552
138;0.333519699;43.73231212;NA;13333.33333;333.3333333;20666.66667;6.89;60;2019;NA;114_Gers_2019;GERS;faible_pression;17;;argilo_calcaire;5;22/05/2019;Taupins.Limaces;D;NA;NA;NA;NA;NA;9.803921569;34333.33333;34000;0.601941748;0.009708738
139;-1.04367219;46.17639627;NA;30461.53846;923.0769231;26769.23077;NA;65;2019;NA;66_PC_2019;PC;faible_pression;23;;inconnue;5;09/05/2019;Non;NA;NA;NA;NA;NA;NA;6.688963211;58153.84615;57230.76923;0.46031746;0.015873016
140;0.683715701;43.75414037;NA;32000;1333.333333;26000;18.4;60;2019;NA;100_Gers_2019;GERS;faible_pression;NA;;argilo_calcaire;5;21/05/2019;Limaces;A;NA;NA;NA;NA;NA;NA;59333.33333;58000;0.438202247;0.02247191
141;-0.49501037;46.37519571;NA;37538.46154;0;15384.61538;NA;65;2019;NA;61_PC_2019;PC;faible_pression;20;;inconnue;5;09/05/2019;Non;NA;NA;NA;NA;NA;NA;7.692307692;52923.07692;52923.07692;0.290697674;0
142;0.991241957;43.51946009;NA;1750;6250;26500;0.36;80;2019;NA;125_Gers_2019;GERS;faible_pression;NA;;argilo_calcaire;5;23/05/2019;Limaces;B;NA;NA;NA;NA;NA;NA;34500;28250;0.768115942;0.18115942
143;-0.84781673;46.14349236;NA;66666.66667;0;18666.66667;NA;60;2019;NA;52_PC_2019;PC;faible_pression;20;;inconnue;5;09/05/2019;Non;NA;NA;NA;NA;NA;NA;8.333333333;85333.33333;85333.33333;0.21875;0
144;0.732775432;43.74749431;NA;11111.11111;9166.666667;33055.55556;7.72;60;2019;NA;24_Gers_2019;GERS;faible_pression;23;;argileux;6;26/04/2019;Limaces.Taupins;A;NA;NA;NA;NA;NA;7.246376812;53333.33333;44166.66667;0.619791667;0.171875
145;0.737290318;43.74925852;NA;12000;16666.66667;30333.33333;4.15;60;2019;NA;27_Gers_2019;GERS;faible_pression;NA;;argileux;5;29/04/2019;Taupins;A;NA;NA;NA;NA;NA;NA;59000;42333.33333;0.514124294;0.282485876
146;0.734687502;43.74916104;NA;35208.33333;5208.333333;16041.66667;8.33;60;2019;NA;25_Gers_2019;GERS;faible_pression;23;;argileux;8;26/04/2019;Limaces;A;NA;NA;NA;NA;NA;7.246376812;56458.33333;51250;0.284132841;0.092250923
147;0.78449185;43.73972207;NA;36250;1041.666667;7083.333333;11.3;80;2019;NA;136_Gers_2019;GERS;faible_pression;NA;;argilo_calcaire;6;29/05/2019;Limaces;A;NA;NA;NA;NA;NA;NA;44375;43333.33333;0.159624413;0.023474178
148;0.635133683;43.74219161;NA;13000;11666.66667;29000;1.32;60;2019;NA;29_Gers_2019;GERS;faible_pression;26;;argilo_calcaire;5;30/04/2019;Lievres.Limaces.Taupins;A;NA;NA;NA;NA;NA;6.41025641;53666.66667;42000;0.540372671;0.217391304
149;0.989308394;43.52449578;NA;11904.7619;3571.428571;25476.19048;0.97;60;2019;NA;10_Gers_2019;GERS;faible_pression;NA;;argilo_calcaire;7;24/04/2019;Limaces;B;NA;NA;NA;NA;NA;NA;40952.38095;37380.95238;0.622093023;0.087209302
150;-0.51210577;46.14782235;NA;25714.28571;0;25079.36508;NA;63;2019;NA;72_PC_2019;PC;forte_pression;25;;inconnue;5;09/05/2019;Non;NA;NA;NA;NA;NA;NA;6.349206349;50793.65079;50793.65079;0.49375;0
151;0.557705015;43.93142683;NA;49000;333.3333333;5333.333333;2.98;60;2019;NA;89_Gers_2019;GERS;faible_pression;23;;Limono argileux;5;13/05/2019;Taupins;C;NA;NA;NA;NA;NA;7.246376812;54666.66667;54333.33333;0.097560976;0.006097561
152;-0.93369785;46.17847533;NA;49866.66667;0;3466.666667;NA;75;2019;NA;16_PC_2019;PC;faible_pression;25;;inconnue;5;24/04/2019;Non;NA;NA;NA;NA;NA;NA;5.333333333;53333.33333;53333.33333;0.065;0
153;0.654720423;43.74563884;NA;22000;1714.285714;18000;23.6;70;2019;NA;102_Gers_2019;GERS;forte_pression;NA;;argilo_calcaire;5;21/05/2019;Limaces.Taupins;A;NA;NA;NA;NA;NA;NA;41714.28571;40000;0.431506849;0.04109589
154;-0.55746634;46.22232401;NA;33705.35714;2901.785714;30133.92857;NA;64;2019;NA;15_PC_2019;PC;faible_pression;26;;inconnue;7;24/04/2019;Non;NA;NA;NA;NA;NA;NA;6.009615385;66741.07143;63839.28571;0.451505017;0.043478261
155;-0.84826902;46.14332316;NA;67333.33333;0;0;NA;60;2019;NA;44_PC_2019;PC;faible_pression;25;;inconnue;5;06/05/2019;Non;NA;NA;NA;NA;NA;NA;6.666666667;67333.33333;67333.33333;0;0
156;-0.84656125;46.14356787;NA;57333.33333;3666.666667;33000;NA;60;2019;NA;53_PC_2019;PC;faible_pression;21;canon_gaz;inconnue;5;09/05/2019;Non;NA;NA;NA;NA;NA;NA;7.936507937;94000;90333.33333;0.35106383;0.039007092
157;0.598736862;43.9341447;NA;33200;2400;14800;1;50;2019;NA;92_Gers_2019;GERS;faible_pression;25;;limoneux;5;13/05/2019;Taupins;C;NA;NA;NA;NA;NA;8;50400;48000;0.293650794;0.047619048
158;0.472256625;43.94319611;NA;48666.66667;2333.333333;10666.66667;12.8;60;2019;NA;94_Gers_2019;GERS;faible_pression;20;confection_manuelle;limoneux.argileux;5;13/05/2019;Taupins.Limaces;C;NA;NA;NA;NA;NA;8.333333333;61666.66667;59333.33333;0.172972973;0.037837838
159;0.641593598;43.74170069;NA;38666.66667;3666.666667;6333.333333;3.46;60;2019;NA;32_Gers_2019;GERS;faible_pression;NA;;argilo_calcaire;5;02/05/2019;Limaces.Taupins;A;NA;NA;NA;NA;NA;NA;48666.66667;45000;0.130136986;0.075342466
160;-0.60479469;46.17509195;NA;59343.43434;0;5808.080808;NA;66;2019;NA;80_PC_2019;PC;forte_pression;24;;inconnue;6;09/05/2019;Non;NA;NA;NA;NA;NA;NA;6.313131313;65151.51515;65151.51515;0.089147287;0
161;-0.84635336;46.14351902;NA;59953.16159;702.5761124;4918.032787;NA;61;2019;NA;42_PC_2019;PC;faible_pression;24;confection_manuelle;inconnue;7;06/05/2019;Non;NA;NA;NA;NA;NA;NA;6.830601093;65573.77049;64871.19438;0.075;0.010714286
162;-0.93345516;46.17820096;NA;53684.21053;0;8421.052632;NA;76;2019;NA;63_PC_2019;PC;faible_pression;22;;inconnue;5;09/05/2019;Non;NA;NA;NA;NA;NA;NA;5.980861244;62105.26316;62105.26316;0.13559322;0
163;-0.41418794;45.97077653;NA;11750;5250;28250;NA;80;2019;NA;22_PC_2019;PC;forte_pression;23;;inconnue;5;25/04/2019;Non;NA;NA;NA;NA;NA;NA;5.434782609;45250;40000;0.624309392;0.116022099
164;-0.40756465;45.9680845;NA;49411.76471;294.1176471;5588.235294;NA;68;2019;NA;21_PC_2019;PC;faible_pression;20;;inconnue;5;25/04/2019;Non;NA;NA;NA;NA;NA;NA;7.352941176;55294.11765;55000;0.10106383;0.005319149
165;0.912418842;43.59322589;NA;17090.90909;1818.181818;36727.27273;1.66;55;2019;NA;116_Gers_2019;GERS;faible_pression;25;;argilo_calcaire;5;22/05/2019;Limaces;B;NA;NA;NA;NA;NA;7.272727273;55636.36364;53818.18182;0.660130719;0.032679739
166;-0.58288118;46.12085103;NA;45752.89575;2316.602317;17760.61776;NA;74;2019;NA;71_PC_2019;PC;faible_pression;20;;inconnue;7;09/05/2019;Non;NA;NA;NA;NA;NA;NA;6.756756757;65830.11583;63513.51351;0.269794721;0.035190616
167;-0.46095457;46.43631816;NA;57142.85714;0;5396.825397;NA;63;2019;NA;11_PC_2019;PC;faible_pression;25;;inconnue;5;24/04/2019;Non;NA;NA;NA;NA;NA;NA;6.349206349;62539.68254;62539.68254;0.086294416;0
168;0.790189707;43.73656218;NA;21250;7000;24500;9.65;80;2019;NA;28_Gers_2019;GERS;faible_pression;21;canon_gaz;argileux;5;30/04/2019;Lievres;A;NA;NA;NA;NA;NA;5.952380952;52750;45750;0.464454976;0.132701422
169;-0.91744388;46.10217264;NA;6000;0;36666.66667;NA;60;2019;NA;51_PC_2019;PC;faible_pression;20;Ballon_cerfs_volants;inconnue;5;09/05/2019;Non;NA;NA;NA;NA;NA;NA;8.333333333;42666.66667;42666.66667;0.859375;0
170;-0.93327482;46.1783157;NA;56388.88889;0;1388.888889;NA;72;2019;NA;46_PC_2019;PC;faible_pression;25;;inconnue;5;06/05/2019;Non;NA;NA;NA;NA;NA;NA;5.555555556;57777.77778;57777.77778;0.024038462;0
171;0.997204077;43.51678865;NA;26984.12698;1133.786848;9523.809524;1.52;63;2019;NA;124_Gers_2019;GERS;faible_pression;NA;;Boulbene;7;23/05/2019;Taupins.Lievres.Limaces;B;NA;NA;NA;NA;NA;NA;37641.72336;36507.93651;0.253012048;0.030120482
172;-0.56777233;46.22625459;NA;30888.88889;0;27333.33333;NA;75;2019;NA;62_PC_2019;PC;faible_pression;20;confection_manuelle;inconnue;6;09/05/2019;Non;NA;NA;NA;NA;NA;NA;6.666666667;58222.22222;58222.22222;0.469465649;0
173;0.674472;43.748053;NA;14800;11600;34400;NA;50;2020;NA;177_gers_2020;GERS;Faible pression;15;Confection manuelle;Argilo calcaire;5;NA;NA;NA;0;0;5200;0;24;13.33333333;66000;54400;0.521212121;0.175757576
174;0.728772;43.75011;NA;57666.66667;0;4333.333333;NA;60;2020;NA;178_gers_2020;GERS;Faible pression;20;Aucun. quelques coups pistolet fusée (pyrotechnies);Argilo calcaire;5;NA;NA;NA;666.6666667;0;4000;0;161;8.333333333;66666.66667;66000;0.065;0
175;0.696539;43.750892;NA;28750;1750;12000;NA;80;2020;NA;179_gers_2020;GERS;Forte pression;20;Aucun;Argilo calcaire;5;NA;NA;NA;0;750;6250;1000;90;6.25;50500;47000;0.237623762;0.034653465
176;0.696539;43.750892;NA;21600;0;4000;NA;50;2020;NA;180_gers_2020;GERS;Faible pression;25;Cerfs-volants ;Argilo calcaire;5;NA;NA;NA;0;0;11600;0;25;8;37200;37200;0.107526882;0
177;0.753118;43.743891;NA;5333.333333;0;6333.333333;NA;60;2020;NA;181_gers_2020;GERS;Faible pression;20;Aucun;Argilo calcaire;5;NA;NA;NA;0;0;1333.333333;0;12;8.333333333;13000;13000;0.487179487;0
178;0.822682;43.734577;NA;43214.28571;1428.571429;10000;NA;56;2020;NA;182_gers_2020;GERS;Faible pression;25;Aucun;Argilo calcaire;5;NA;NA;NA;0;0;1785.714286;0;116;7.142857143;56428.57143;55000;0.17721519;0.025316456
179;0.816286;43.732878;NA;31333.33333;1666.666667;5000;NA;60;2020;NA;183_gers_2020;GERS;Faible pression;25;Aucun;Argilo calcaire;5;NA;NA;NA;0;0;17000;666.6666667;43;6.666666667;55666.66667;53333.33333;0.089820359;0.02994012
180;0.819171;43.734685;NA;45714.28571;0;6785.714286;NA;56;2020;NA;184_gers_2020;GERS;Forte pression;25;Aucun;Argilo calcaire;5;NA;NA;NA;0;357.1428571;6785.714286;0;109;7.142857143;59642.85714;59285.71429;0.113772455;0
181;0.816653;43.734664;NA;26333.33333;0;5000;NA;60;2020;NA;185_gers_2020;GERS;Faible pression;25;Aucun;Argilo calcaire;5;NA;NA;NA;0;0;5666.666667;1666.666667;62;6.666666667;38666.66667;37000;0.129310345;0
182;0.762613;43.740795;NA;4285.714286;3714.285714;27142.85714;NA;70;2020;NA;186_gers_2020;GERS;Faible pression;15;Epouvantail (confection manuelle);Argilo calcaire;5;NA;NA;NA;0;0;1714.285714;5142.857143;9;9.523809524;42000;33142.85714;0.646258503;0.088435374
183;0.768169;43.739907;NA;58000;0;5714.285714;NA;70;2020;NA;187_gers_2020;GERS;Faible pression;15;Epouvantail (confection manuelle);Argilo calcaire;5;NA;NA;NA;0;0;2857.142857;0;193;9.523809524;66571.42857;66571.42857;0.08583691;0
184;0.778882;43.738813;NA;40000;3000;5000;NA;60;2020;NA;188_gers_2020;GERS;Faible pression;20;Aucun;Argilo calcaire;5;NA;NA;NA;0;666.6666667;4666.666667;0;106;8.333333333;53333.33333;49666.66667;0.09375;0.05625
185;0.782221;43.738106;NA;50333.33333;0;8000;NA;60;2020;NA;189_gers_2020;GERS;Faible pression;20;Aucun;Argilo calcaire;5;NA;NA;NA;0;333.3333333;5000;0;136;8.333333333;63666.66667;63333.33333;0.12565445;0
186;0.787908;43.739263;NA;42333.33333;0;1666.666667;NA;60;2020;NA;190_gers_2020;GERS;Faible pression;25;Aucun;Boulbène ;5;NA;NA;NA;0;0;10333.33333;2333.333333;96;6.666666667;56666.66667;54333.33333;0.029411765;0
187;0.790959;43.738563;NA;40000;666.6666667;3666.666667;NA;60;2020;NA;191_gers_2020;GERS;Faible pression;25;Aucun;Boulbène ;5;NA;NA;NA;0;0;8000;666.6666667;96;6.666666667;53000;51666.66667;0.06918239;0.012578616
188;0.793922;43.738211;NA;44333.33333;666.6666667;2666.666667;NA;60;2020;NA;192_gers_2020;GERS;Faible pression;25;Aucun;Boulbène ;5;NA;NA;NA;0;0;1666.666667;333.3333333;128;6.666666667;49666.66667;48666.66667;0.053691275;0.013422819
189;0.793951;43.736915;NA;35000;666.6666667;2333.333333;NA;60;2020;NA;193_gers_2020;GERS;Faible pression;25;Aucun;Sol limoneux;5;NA;NA;NA;0;666.6666667;2333.333333;0;98;6.666666667;41000;39666.66667;0.056910569;0.016260163
190;0.800284;43.738059;NA;38666.66667;333.3333333;15666.66667;NA;60;2020;NA;194_gers_2020;GERS;Faible pression;20;Aucun;Sol limoneux;5;NA;NA;NA;0;0;5000;0;101;8.333333333;59666.66667;59333.33333;0.262569832;0.005586592
191;0.801596;43.736996;NA;7666.666667;1000;12666.66667;NA;60;2020;NA;195_gers_2020;GERS;Forte pression;25;Aucun;Sol limoneux;5;NA;NA;NA;0;0;3666.666667;0;12;6.666666667;25000;24000;0.506666667;0.04
192;0.439249;43.975678;NA;40333.33333;1333.333333;9666.666667;NA;60;2020;NA;196_gers_2020;GERS;Faible pression;21;Aucun (des tirs quelques fois);Sol sableux;5;NA;NA;NA;666.6666667;0;9000;0;94;7.936507937;61000;59000;0.158469945;0.021857923
193;0.448565;43.979828;NA;39272.72727;0;12727.27273;NA;55;2020;NA;197_gers_2020;GERS;Faible pression;25;Canon à gaz mais sur la parcelle à côté;Argilo calcaire;5;NA;NA;NA;0;1090.909091;6545.454545;0;90;7.272727273;59636.36364;58545.45455;0.213414634;0
194;0.449842;43.978217;NA;31272.72727;0;14545.45455;NA;55;2020;NA;198_gers_2020;GERS;Faible pression;25;Canon à gaz mais sur la parcelle à côté;Argilo calcaire;5;NA;NA;NA;0;2545.454545;6181.818182;0;69;7.272727273;54545.45455;52000;0.266666667;0
195;0.459897;43.97933;NA;45200;2000;1200;NA;50;2020;NA;199_gers_2020;GERS;Faible pression;25;Auncun;Argilo calcaire;5;NA;NA;NA;0;1600;8800;0;91;8;58800;55200;0.020408163;0.034013605
196;0.523939;43.975563;NA;49454.54545;1454.545455;5090.909091;NA;55;2020;NA;200_gers_2020;GERS;Faible pression;25;Aucun  ;Argilo calcaire;5;NA;NA;NA;0;0;6545.454545;0;118;7.272727273;62545.45455;61090.90909;0.081395349;0.023255814
197;0.547829;43.941696;NA;57333.33333;0;1666.666667;NA;60;2020;NA;201_gers_2020;GERS;Forte pression;25;Aucun;Argilo calcaire;5;NA;NA;NA;0;0;5666.666667;0;155;6.666666667;64666.66667;64666.66667;0.025773196;0
198;0.549846;43.940839;NA;31666.66667;5666.666667;19000;NA;60;2020;NA;202_gers_2020;GERS;Faible pression;25;Ballon cerf volant + pantin avec sac de semence;Argilo calcaire;5;NA;NA;NA;0;0;5666.666667;0;78;6.666666667;62000;56333.33333;0.306451613;0.091397849
199;0.554334;43.941172;NA;8333.333333;9000;21000;NA;60;2020;NA;203_gers_2020;GERS;Faible pression;25;Aucun;Argilo calcaire;5;NA;NA;NA;666.6666667;0;666.6666667;0;23;6.666666667;39666.66667;30000;0.529411765;0.226890756
200;0.555347;43.940302;NA;50181.81818;0;10545.45455;NA;55;2020;NA;204_gers_2020;GERS;Faible pression;25;Ballon cerf volant + pantin avec sac de semence;Argilo calcaire;5;NA;NA;NA;0;0;8727.272727;0;114;7.272727273;69454.54545;69454.54545;0.151832461;0
201;0.560637;43.93995;NA;3333.333333;0;55333.33333;NA;60;2020;NA;205_gers_2020;GERS;Faible pression;22;Aucun;Argilo calcaire;5;NA;NA;NA;0;0;2333.333333;0;3;7.575757576;61000;61000;0.907103825;0
202;0.531331;43.974596;NA;21000;3333.333333;18000;NA;60;2020;NA;206_gers_2020;GERS;Faible pression;25;Aucun;Argilo calcaire;5;NA;NA;NA;0;0;2333.333333;666.6666667;56;6.666666667;45333.33333;41333.33333;0.397058824;0.073529412
203;0.547588;43.962369;NA;24615.38462;0;12000;NA;65;2020;NA;207_gers_2020;GERS;Faible pression;25;Auncun;Argilo calcaire;5;NA;NA;NA;0;0;2153.846154;0;73;6.153846154;38769.23077;38769.23077;0.30952381;0
204;0.467241;43.97877;NA;12400;1600;8800;NA;50;2020;NA;208_gers_2020;GERS;Forte pression;25;Aucun;Boulbène ;5;NA;NA;NA;0;400;6400;2800;15;8;32400;27600;0.271604938;0.049382716
205;0.465855;43.977769;NA;26666.66667;333.3333333;3000;NA;60;2020;NA;209_gers_2020;GERS;Faible pression;20;Confection manuelle (poche poubelle le long du bois);Boulbène ;5;NA;NA;NA;0;333.3333333;7333.333333;0;58;8.333333333;37666.66667;37000;0.079646018;0.008849558
206;0.534048;43.953547;NA;27000;0;9333.333333;NA;60;2020;NA;210_gers_2020;GERS;Faible pression;25;Aucun;Boulbène ;5;NA;NA;NA;0;2333.333333;7666.666667;1000;58;6.666666667;47333.33333;44000;0.197183099;0
